Name,POSNumber,MenuItemUniqueID
<Burgers>,100000,c7c8b054-2740-4199-b116-4bdd53edc86a
<Burgers>,100001,3ead9043-a057-4806-bafe-dd85aaecf70a
---------------,100002,55d0673e-2e4b-4cc8-8c2a-bc1cd4d64dca
Spicy Burger,100003,78b1728f-ff2e-4b27-997e-fa0c64fd8600
Taco Burger Tes,100005,c9d99cd8-799b-4e59-a881-3758d3fe304e
Make it a Combo,100040,50b97887-3d91-4a59-8e72-be0da60baf8c
Fillet Burger,100050,25f83339-b76a-4f30-9e90-1152972209d6
B&C Burger,100051,26768ff2-784c-46e2-8172-a24305cd09d6
Delete this now,100052,76657b05-1227-4447-b1e3-573499ee7429
Gravy Burger,100053,59e65c99-0c3e-43f9-9faa-8cf612cde582
Zng B&C Burger,100054,dcc4d9be-b0a3-4a51-a9aa-e7a5aade0e19
Zng BBQ B&C Bgr,100055,27860441-2f00-4b27-8537-d4ac04ac328c
Waffle Double,100056,8a03b648-7d45-4255-bb28-7c8695c8bf56
Double Tender,100057,6ae00aaa-af72-4412-b47c-8aa7801a8711
!Zng Waffle Dbl,100058,c6e20af4-9269-416f-b10b-fb0a103e019e
Zinger Chipster,100059,54c504a0-26df-4cb0-be7c-72ca4a8926b4
Double Tender,100060,68cae0c0-a502-4ed4-91a4-96fdcc597f71
Fillet B&C,100061,4bdcc287-2134-49c7-9b2a-f604dfffe4da
Zinger B&C.,100062,250a0c24-a4ac-419c-9406-169cb0e8dace
BBQ B&C Stacker,100063,5f883e37-d32a-412d-abf5-125649355447
Tender Crunch,100064,89344118-362c-4ed4-b4ce-1cf26e7bd2d4
Stacker Crunch,100065,b681bb9c-35df-452c-b368-8421eb4ce039
Bacon Lovers,100066,0d7fac7b-90c9-4ff1-bf3e-b2e18cd87b53
Bacon Lovers,100067,b36d1f2e-182e-4c1c-aed7-8c7daef4821a
Zinger Crunch,100068,cbd0e007-a727-4aff-9ca0-d0f39611a836
B&C Tender,100069,7185e470-51a4-4d23-9048-3d9502405272
Zng B&C Stacker,100070,98dca311-a0a2-4895-992e-88c84790e5db
Zinger Burger,100071,bed56b03-bce7-41e6-8e94-ed71869ae1c9
Zinger Double,100072,66951628-22a1-4c8a-a2fc-2fa4f120b928
Double Tender,100073,b7f49c61-237b-487b-a0cd-72902f22169c
Bacon Lovers,100074,4933c20d-7793-42ad-b17e-b589ddd0599b
Zinger Crunch.,100075,620b15b4-6857-4764-9927-2f9e8df94352
Zinger Burger,100076,2cd75adb-3530-4cbb-b666-2548dfef7271
-------------,100077,3cd7c02f-e773-4d47-b2d6-93660846521d
OC Double,100078,2fcb3659-f0ed-4079-90d9-ed9c6ae6c14d
OC Chipster,100079,1c727268-1785-4d25-84f5-691816d32af5
-------------,100080,3587cee3-446c-4903-9e0d-ee508c94fee9
Zn Crunch Stack,100084,94915ae8-af14-43f2-8a92-bc66cfe18743
Famous Burger,100085,53dabbfb-9481-4430-82e6-43c44c1a6b02
Famous B&C Burg,100086,f14115b3-ed85-47ac-ba8f-f39f95f2c2db
Famous Stacker,100087,c4d2a11c-e3c3-450c-bbfe-44ef5ce02cb8
Orig Crispy Bgr,100088,10ea8948-17f0-47b2-bdba-df649d7082fc
OC B&C,100089,7b8459a5-3ff6-4a05-9af1-8e3f07a4a1e3
OC BBQ Stacker.,100090,15a98dd8-ab3c-4877-984c-c72f7cd76904
Orig Crispy Bgr,100091,4c6eb056-c391-4665-951c-f3895314312a
Orig Crispy Bgr,100092,d0799b92-ba93-4735-8e76-862eef7b7832
Taco Burger,100100,e92e03a3-bfc1-4429-83fe-37bbf1f8e38f
Taco Burger X,100101,54447643-5db7-4b9e-9529-54a2179ab30b
Pizza Burger,100102,a4f49cdc-fbc7-43a2-9c54-843bac4205ce
Peter Test Item,100103,514ff33d-5349-454d-850b-71587036dcf6
Pizza Burger11,100104,a2c8c5a4-5e81-4b05-bdf8-99a62f5dd0b0
Peter Test Item,100105,a069a8cb-64f7-4d19-8bad-8e3c4b83aa90
Peter Item7,100107,636f6ec1-02b2-4b27-a67f-c7d314dec86b
Peter Item8,100108,1c9561a7-14ec-42b2-a3d1-728aad47bed9
Peter Item9,100109,c3b95adf-323a-45ea-b90e-7d66de1b8586
Peter Item10,100110,7c35efbc-9462-47fb-8a5e-9e4a09355bf2
Peter Item11,100111,709f77d2-3933-4451-97d9-88f92c2bd041
Phill test 1,100112,a5d04cb2-ae26-4b5b-a891-3d2fa2ec2315
Phill test 2,100113,44c85ab3-07fe-4469-9214-6c37b4434d9e
Phill test 3,100114,4e9fafc0-cb34-4118-9124-f5f97748d415
Phill test 4,100115,437f16c6-e56c-4b83-a898-c40f9e233ce3
Phill test 5,100116,88d9216f-b87d-4c04-b56d-22e62fa7db6f
Pizza Burger te,100144,8485b4c6-8855-4c69-bc86-55dcae98f0ef
Pizza BurgerRPA,100145,76bd678e-2304-4f42-9372-6c2ae19a26d9
RPA Test1,100146,a0bb52aa-f9d4-4434-beac-68d0a40503f8
Test BurgerRPA1,100147,a4d52720-771b-4d3a-a858-9d655d9eedfe
Pizza BurgerRPA,100149,01798248-cd2d-4e92-82a3-88a0526887ba
Kentucky Brg,100150,3f06c6e2-149c-4ddf-859d-b043b0c7bc4e
OR Tower Burger,100152,5622cf0f-35a9-4b30-a81e-a7491b406b3b
Zing Tower Burg,100153,f25ce1db-ae8b-41b9-a3ee-5861c34d63f8
Pizza BurgerRPA,100158,c8ebef8c-fa58-41d6-b862-478d3fda5d50
Uipath Test1,100159,0226f6ef-69df-4383-933a-4f68aafb04ae
Uipath Test6,100165,13cdc9ad-1af9-4d58-acd5-fd83644c8fb6
Uipath Test7,100167,d89b0a8e-bc29-416c-949c-d6b4f0a51523
Zinger Burger,100250,398b826b-603b-47b8-b6e0-6a7405cae74d
ZinStacker.,100260,49ee3ceb-d05a-4101-8c03-fc76dd0765da
ZingerStacker.,100261,0bacb1d6-c69f-4b67-a68d-3574c0103475
Triple Stacker,100262,9622e4e7-c9ea-42ed-a5b8-674d6a4b1e82
!ZingerStacker,100263,69da988e-52fe-4f40-9368-c84d9d9d3e90
ZStacker®,100264,ac5e10a9-cefe-47e4-80ce-4432cd2514dc
*CHOOSE BURGER*,100450,a1c93c55-70b4-475f-a7d8-e7e561607e62
Popcorn Chicken,100451,e4f8a73c-fb99-4bec-8b48-158e8443cd2b
Popcorn Chicken,100452,12097964-b9cb-4f0d-b4d6-558a472ef8e6
Popcorn Chicken,100453,94bdbff5-69c4-430b-befc-aef173d7cacd
Popcorn Chicken,100454,9bd9947e-1473-4628-989a-688ae6b00a69
Popcorn Chicken,100455,e488b921-0816-40b5-ab90-0797792b9b82
Popcorn Chicken,100456,3218288a-5231-4e0d-bc82-7786760c3e4d
Popcorn Chicken,100457,25e6df4f-31bd-4bc5-af18-a48fc2cbd02e
Popcorn Chicken,100458,9a8a24bf-8ce3-4003-a471-4ee3f6b597c5
Popcorn Chicken,100459,289f68e9-cf7d-4212-8d5f-e6bfc28b9f10
Popcorn Chicken,100460,17e3f09b-1deb-4a18-b16a-9eb35ba330e4
Popcorn Chicken,100461,fe668f13-a0a7-445a-b3c0-1b6da38aab6c
Popcorn Chicken,100462,531c0cfb-9225-4783-8784-3e3624648422
Zinger Stacker,100500,16060bc2-256b-4e7a-8878-b9557eb859ca
Zinger B&C,100501,068b24bf-428c-4bf8-9461-85065799c7fa
OC BBQ Stacker,100502,65af9872-2ecb-4a24-9fd6-42825a2aab97
_______________,119998,a7db128b-0e5e-4ae1-a0eb-13c26e73e2eb
<Twisters>,119999,3862fc33-ce34-447a-8c02-901c119a7235
Twister,120000,8f6b929a-34d5-4dcf-a603-ea8992bd0239
OR BacLov Twst,120001,889c31c5-7d24-43f9-a265-8d442f3ade2f
Pepper Slider,120002,0b2f7c96-ad58-43bc-9d48-1e91a9096a66
BBQ Slider,120003,54975bd3-aa54-4ebe-9d80-14bce7f8305d
2 Zinger Slidrs,120004,2b144c46-e17c-45b1-8e34-19e2ff8de6d2
ADD Pepper Sldr,120005,60dc087b-0e18-4c28-a3c0-efd8f161cefc
Pepper Slider,120006,e2991796-e370-4110-bd9b-c98f6d49c2c5
BBQ Slider,120007,dea5f635-85d9-44dd-bd1b-c476144943b4
Original Twist,120008,df7e6ebd-8f9e-4541-ba6c-5e46d07d4ee4
Zinger Twist,120009,ee55a1ad-bb10-4e26-963f-7bb2a1a546b8
Pepper Slider,120010,e5b8360d-10d3-49c9-bee5-2d989ec3d067
ADD BBQ Sldr,120011,a6456bbf-6678-4bdf-b3f9-f2dbd2d6d024
Super Slider,120012,6c3a9565-876b-4ff0-98b4-b3a7ebcacd6b
Twst Zng Crunch,120013,1699e557-f78e-43d4-8943-3c84fa50c20b
Super Slider,120014,4b1f483b-95aa-43f6-81a2-cb2db006a506
BBQ B&C Twister,120015,385eb06b-28a1-40b3-8939-2cb7d82c3172
Pop N Twister,120016,babd2a50-2ec7-4f1c-9b97-f87d78a2859c
Zng Stack Twist,120017,a2cb312f-c9ea-4e4d-a3b4-617ca97b6dc6
Zinger Nacho,120018,c92cb3e5-27c0-4c64-bc01-481a7d226ffc
Slider Stacker,120019,a2a452f5-3121-432c-b579-415153841ded
ADD Super Sldr,120020,1300a56e-c35b-4f2e-b0ed-ea44e8b8b580
HS Aioli Slider,120021,521a5786-816b-492b-95f2-ea2df237fbcd
Spicy Snack,120022,0b56fd9c-b9c4-48fd-b66f-fcdb60569b38
Nacho Twister,120023,37d45ab2-0cd9-46b3-a082-ebc791405138
Nugget Slider,120024,5cb2174b-28ca-41c5-b15a-f5d1feb1061d
Pepper Slider,120025,62d27fdb-5e1e-444a-9dc2-5633cd07c4b5
BBQ Slider,120026,190527ae-d5b9-4a8b-b534-105b064897db
KACY Takeover,120027,1715c4aa-ed17-496b-aa96-bab177c29c1e
*Bk Hny Mus Tws,120100,8291700f-dd9b-4880-8ce5-c0ad980707ff
Bk Caes Twister,120101,7f51b8e2-ac22-4e1f-a07c-37b114a84fff
Bk Spcy Twister,120102,5e12af73-ec98-411a-8d6c-6468be3123fa
Bk BLT Twister,120103,4ec91e85-eac2-49fe-b469-80aa7b6f6994
Bk Hny Mus Twst,120106,fbd313eb-6c3b-48f5-85dc-5037c8db5875
BK SChg Twister,120107,1193b2e2-4a64-41f9-a6e9-1831fc90847e
BK BcLv Twister,120108,ce19026c-8248-4b2c-9e93-671f6e5464a4
SChg Twister,120109,256a32b2-5ada-47af-be21-51a0151db15a
Twst Bac Lov,120110,9a0719a1-f72e-4750-857c-a90d9351e758
_______________,136000,e1eb4afe-d574-4bf9-ad79-3dc3627cd5e4
<Sides>,136001,97eab7e0-add4-4f64-b5bd-455b2ae56768
4 Reg Sides,136002,6d773fc9-eb4b-4f17-bc6d-55cd76101b6f
Cup Chips,136003,0fa0cf0f-7a40-4b6e-8fe4-95f22811e891
2 Cup Chips,136004,50f64c2f-9985-4043-aff6-f5524c703cf5
Reg Chips,136005,d7f4c90d-fc9f-467c-9c98-2a32d3ac7c58
4 Reg Sides,136006,5de43c54-d4f8-45ca-8680-97e9ddb07de5
Share Pk Chips,136007,3442da87-be48-45b2-b3a3-1320297ff90d
Portion Chips,136008,7c475574-a0e3-49ec-aa2f-f73ada2c19a5
5 Large Sides,136009,cd2f5981-3f0f-4faf-9cc3-57c32e95f58e
Lg Chips,136010,22571445-3e85-42c2-9bdc-364c09c10743
Upsize Chips,136011,b8103aaa-a0ef-48a2-8b73-db7a027cdaf9
8 Large Sides,136012,0f8d0bb7-f236-47bf-96ff-a3c79518e021
12 Large Sides,136013,19c63e4a-d607-4275-9ea4-e6ac67bac726
18 Large Sides,136014,1d24711c-4234-43e5-a4c9-830d704db3db
Lg Chips,136015,247a90ef-d4cb-49c5-b4b7-1d5aea9b0f4c
Lg Chips,136016,02947a0e-b1f2-4909-b58e-d5bbf6e4e4db
Reg Chips,136017,c1842f21-2d7e-4acb-a0ef-6215081e4fb8
$1 Reg Chips,136018,a4070f75-c520-4e71-8eca-0f3a5281d12d
4 Large Chips,136019,d66507af-a6f7-4648-927c-94a96860ade3
Lg Chips,136020,982907be-7243-46b2-851a-6e01500346d0
Chips Blue Sc,136021,f1ca154a-97fe-4575-ab5c-de81b3138346
ADD Lg Chips,136022,495d5688-4f8b-4ad1-b321-5ef82825bb0a
2 Cup Chips,136023,b01f2236-e089-462c-a498-d53918e75d6b
Reg Pot/Gravy,136025,4ae2becd-e5e6-4f87-b699-a5f884d8d3c8
Gravy,136026,22f262c5-a0ae-452c-8170-75b0ab35f53c
Lg Pot/Gravy,136027,f749f20b-8fb8-46c6-832c-e0698893ec12
Lg Sw Pot Mash,136029,b23e9183-db19-4893-8e61-0b37b77f28d3
Hash Brown Cup,136030,59dfdc23-e8a8-4abf-bb6d-6911618db872
Reg Chips,136031,72c4356c-e2d5-41bd-b9c1-6dbadbfee82d
Waffle,136032,b9bb03f0-9c98-4952-b84f-a8319217c842
Waffle,136033,dbb77d45-57d4-420d-996c-652d685f3a36
Gravy,136034,76a27ce6-ab6e-4c0a-a4c8-bf81b9053540
Gravy 2x110g,136035,465a4d20-07a1-486a-a96c-b85ec34cd7d2
ADD Lg Pot/Grvy,136038,30fa30b3-ca3f-495f-badf-cfc0c165944e
Reg Coleslaw,136040,8a1c25b5-83aa-49df-88fa-a9abb52d08c4
1xCrunchy Slaw,136041,304ca7e2-6f9f-47a6-99b4-a2790f5af830
2xCrunchy Slaw,136042,3e799f75-bdb2-4234-909e-3b92132f4ffe
Lg Coleslaw,136045,1e2445ec-c7ed-45f0-97a9-999daa2f121f
Dinner Roll,136046,03519b6b-7fd1-4d9d-b9b2-a27da30ae284
4 Dinner Rolls,136047,c0181ba5-1aac-4b4b-ab03-47b110d8bded
Dinner Roll,136048,2ce2aa12-8216-41e6-bfee-82deeadfdbb0
6 Dinner Rolls,136049,6d0999a8-e382-494f-a1d7-4a85b1fd27ee
Choc Mousse,136050,4454d558-0a84-4a02-9c22-99df9a8fb929
4 Dinner Rolls,136051,4039ebf0-778d-49b8-9a59-e0cb73638fd3
Gravy,136052,2a4012c9-ce39-4dfd-a6c2-ee3077080632
ADD 4 Din Rolls,136053,da7c91d6-1c8a-4053-bec7-c9c7c139dd72
Gravy 2x110g,136054,275f5356-7cb1-49e3-951d-48b6dab7cd4b
ADD Choc Mousse,136055,b135cf7d-1fa6-4ce8-8bb4-00ee93119b5c
2 Choc Mousse,136056,7c2106ca-2882-4276-a9af-49fde50bd093
Reg Chips,136057,3ab72763-acac-43fa-ab33-0fc7f8f6e90d
Reg Pot/Gravy,136058,23182447-0591-405d-9079-78313df5bf1c
ADD Reg Gravy,136059,e818b809-ca4e-4d60-9ee9-777321297d14
Reg Coleslaw,136060,c14185e4-056c-45ef-8487-2a94e2c9fe4f
Dinner Roll,136061,db30d336-32c2-4536-8db0-98d616047511
4 Rg Coleslaw,136062,1cc73440-e8a9-47fc-b3f2-f869482c86ac
ADD!JalapenoBwl,136063,f5ed9e73-f950-46be-960d-de6cdbb22894
Jalapeno Bowl,136064,1c0c55ce-1ca3-479b-85fd-99ebac11f647
ADD JalapenoBwl,136065,ac9c279a-e0a7-4f59-b7ac-387272003edf
Original Bowl,136066,5f8eb103-2f30-4a45-9d15-843dbd4c5927
Zinger Bowl,136067,f48eb0a0-ab81-45a1-a760-9ce80f61d8e9
Shaker HS Super,136068,4bc0cf45-7b72-4bf5-a4c0-ad791e5c991d
Shakr Plain Aio,136069,8d2710d6-d461-4ffa-9eb7-375f55c5ce8b
Pop Crunch Bowl,136070,6dfd1471-3fbc-4a43-bb45-fb0829de1956
$2 Choc Mousse,136071,ab38bd92-bab8-4406-a517-dd954004652f
ADD Lg Coleslaw,136072,8004b8d7-14fd-413f-a565-6edc515998d2
Add 2 Sides,136073,0e45c6af-7a0f-4fdc-bc2b-b11eef0d3fba
Choc Mousse,136074,a5284ef8-4940-495f-bc0e-ee2e49cb0e1d
Reg Chips,136075,a3aa8265-12f6-4d0d-b13f-0cc132dd76a7
Reg Pot/Gravy,136076,5a1ab798-3d7c-461b-a3a7-8e43a8579d90
Reg Coleslaw,136077,eb5238b6-2e87-4ebc-a2fc-db8937eb9ad3
Gravy,136078,5087522e-a8ec-4313-a00c-bd2b091aff7d
Dinner Roll,136079,d91c054b-28f0-47fa-8d7b-0ca10bb47f32
2 Choc Mousse,136080,515bf18c-2078-4d38-af67-fdfb09138c53
Waf & Dbl Choco,136081,ade65452-4eb7-419d-a695-5821932c9eea
Loaded Bowl,136082,021c11f2-1a26-4dc6-b397-300f2ef3419d
ADD 2 Choc Mous,136083,1bf48c3f-502a-4ec0-bef9-28ce9f5a86a4
Lg Chips,136100,b4558f45-ab6f-40dc-935f-1d67c844ac18
Lg Pot/Gravy,136101,6388121d-7065-47c5-b167-b9da21bf50a8
Lg Coleslaw,136102,c2b87b19-b9fc-4959-adef-a1d683ee5794
2 x Gravy,136103,fb351ae1-b38e-4fda-b0d5-17f2e69afd1c
Dinner Roll,136104,1e2cd3ef-9e65-4e70-9d69-b01183b15f9b
Gravy,136105,efc95a53-7c79-4595-8119-a4c18cae6581
_______________,141000,a4d33aea-273d-47a9-8cd3-a15a49a152ec
<Drinks>,141001,5ccebc71-4609-43bb-b456-e35a6cf31476
NO DRINK,141002,ce013012-bd6b-4f8e-b160-f6f5bd4803a4
Reg Lemonade,141003,f499a993-f870-4a64-990e-186440f95e0e
Lg Lemonade,141004,12f55c21-4484-490d-9598-87a9ea4bcd6d
1.10L Lemonade,141005,967ffdf9-000a-453f-8362-a2f9c760afc0
4 Reg Drinks,141006,416ab4be-7125-46ad-b43e-92538b72c26d
Reg Pepsi,141007,595e7051-6935-4d87-be93-413f6b6aa71b
*CHOOSE DRINK*,141008,0b159403-81ba-4bc7-bde9-ce2985065681
Upsize Drink,141009,5b9cc597-6200-4643-8779-a65d6771e264
Lg Pepsi,141010,c8162315-6a83-4392-9e87-c457cf05aa24
1.25L Pepsi,141011,333fc229-f882-49ef-8264-66669a2b7673
Up Chp/Drink,141012,5b034210-b4e8-4152-84e0-ef55e7a6df5e
Sparkling Water,141013,a5001b2c-2d41-4489-8445-e9554d5206dc
ADD 1.25L Pepsi,141014,3e4c24ca-5f22-4815-9087-f3a4ddf9b726
Reg Sunkist,141015,d4e5931a-af8c-45c1-9532-cea34abcce1c
Lg Sunkist,141016,59834a0b-45f6-46c7-838f-174c8480aa06
1.25L Sunkist,141017,48208e41-b71d-45a3-b24e-d1b98495426d
NO DRINK,141018,4976dbee-0bc5-4165-a9c7-9f1b4f50a416
1.25L Pepsi,141019,405499e6-f880-49c0-8e0f-370bf4c5dc13
Reg Mt Dew,141020,060e8830-91bf-4842-926f-8777f132af19
Lg Pepsi,141021,41ea2a01-619d-4dd4-802c-8717e61df402
NO LG DRINK,141022,9348b4d3-1912-4a65-ac61-86894b1fb419
2 Drinks,141023,1e9de590-761e-4d90-bb39-ca2ed40a5d91
ADD 1.25L MtDew,141024,c904caa5-15cc-4f45-a7c0-598e8bc8bb35
Lg Mt Dew,141025,46150c2d-f6a9-4941-a1d9-89ad6a420e0b
1.25L Mt Dew,141026,54ed91db-cc1b-4f3b-9cc8-d0db326df8ea
ADD 1.25L MtDew,141027,4f54f671-2f5b-4bb1-8bea-d092e6a64c30
1.25L Sunkist,141028,1745da28-6900-46f0-b344-63e9eaac9ada
1.25L 7Up,141029,ab7cefdd-0fab-4fdd-b15c-639dee218015
Reg Solo,141030,5f247e7b-0c0e-4245-9737-41145be9be71
Lg Solo,141031,ae6fc857-f10e-4da2-94a1-583a03a1d0f7
1.25L Solo,141032,42b1c068-3e62-41bd-add1-1b25badd738c
ADD 1.25L Solo,141033,acceccb9-b210-4ddc-a6fb-d86dd05d99b2
Lg Solo,141034,ccd883dc-1f10-4cc7-9230-7446ef123d74
Reg Sunkist,141035,3aca7c12-f9bc-4a2b-baa1-7f333b81fbcc
1.25L Sunkist,141036,1fe8cee9-a518-4d2f-90ae-3c3286730139
Lg Sunkist,141037,23ae19b6-7107-485e-a5c4-8ee86acff75f
ADD 1.25L Snkst,141038,079715f5-d04b-48d0-8ea8-7d632841e8c8
1.25L Solo,141039,f358a6d1-f3ae-482c-84e7-6396228920d0
Reg 7Up,141040,82963539-891f-4df3-b56d-fd305f00e3cb
Lg 7Up,141043,33e2c20b-b44d-4312-a0c6-baf56f04c7e2
1.25L 7Up,141044,c2f465ea-95d6-49bb-916a-6a9ba18c3f45
ADD 1.25L 7Up,141046,7da160e4-6735-4c5e-a0c0-8379e8d7df6f
Reg Pepsi Max,141047,51ba9f0d-d279-4885-96d9-002dee9cb228
Reg Pepsi,141048,b3958a82-4db6-4202-a689-af703abfc473
Reg 7Up,141049,143274da-9cae-46e1-8288-c533ae2b902b
Reg Mt Dew,141050,f85ec684-b4b4-45ac-ad6d-55a6323bd27d
Reg Solo,141051,35959837-5d7a-4110-9f90-75518314f30a
Reg Sunkist,141052,21cf82ca-1baa-4cf8-b6ab-ebff7018a8d1
Reg Pepsi Max,141055,81751e07-2921-445d-af98-89b0cd5d46c4
Lg Pepsi Max,141060,a4967c4a-9664-4cd8-86d3-4bafc028b493
1.25L Pepsi Max,141061,c4c8e9be-6813-4058-a08f-3767cbdd523c
1.25L Pepsi Max,141062,3bdb3d21-fbed-4065-a2b0-60c55109f36c
1.25L Pepsi,141063,5991c45a-3334-47db-b455-b348a283bd64
1.25L 7Up,141064,1f0baaef-20e1-4e8f-a9ad-8d71333e383c
1.25L Mt Dew,141065,a1177d69-7817-42a2-bc74-95352b93bf77
1.25L Solo,141066,97a6a16f-9b61-49d7-b1be-567e6aa82c80
1.25L Sunkist,141067,5b7645ee-e3b7-4ea8-943b-a1ba5f7043ab
ADD 1.25L Max,141068,efe47a69-ef6c-4098-af53-3126a9be8eea
1.25L Pepsi Max,141069,cbc843a6-3ae5-4446-a917-36d5753e1bab
Water 600mL,141070,36cf404a-8e0a-4417-9e8f-b699a66008ae
Water 600mL,141071,3b199b41-aef9-461e-a11f-cdaeb8859794
1.25L Sunkist,141072,09541e2e-1748-4115-8194-3b8d4688d8a1
Add Lg Pep Max,141073,37394a21-bd62-4a48-b567-e8a0f94bd370
Orange Juice,141075,c7020584-d53a-4700-a6a4-1c8e8a5fd443
Apple Juice,141076,008a75b5-6173-40c3-83f1-152f9e65d8b2
Kids Pop Top,141078,8200922b-b4ab-4db2-a3a0-70feb2683863
Reg Latte,141080,5f2be770-ce51-4885-bc77-01c10e401038
Reg Cappuccino,141081,a36487f4-2cd6-4120-98ce-0784834cd509
Reg Flat White,141082,c6f85286-988c-4b30-9516-43b4e99b3fa8
Short Black,141083,a619fab1-9c52-4a2a-8385-a59a8598df20
Reg Hot Choco,141084,0ab5d91b-0250-464a-90f7-b369398b0f57
Reg Long Black,141085,fd7f907d-5609-4bed-a15d-d23c96329f01
Lg Latte,141086,cc27f575-8053-4281-96e7-ee4821bec798
Lg Cappuccino,141087,10916b59-143f-40e1-a2d0-3342d3d4d994
Lg Flat White,141088,d44ce8e5-256c-462b-9d7c-97646106f1a6
Lg Hot Choco,141089,9f3ecc10-10d3-4271-8bd3-5f85b23a9b02
Lg Long Black,141090,7ee009a6-c44e-43c9-80f6-a2707bc64c66
Lipton Iced Tea,141093,e8ba238d-b9ff-457d-abfd-0c3d96d5a8db
Reg Earl Grey,141094,532fdcc8-c5b5-4d21-a48d-c745322ed0c0
Lg Earl Grey,141095,0e5ed9a1-ba69-4b0d-aea5-a091217e591d
Reg Eng Bfast,141096,209c301b-99c3-489f-99a0-f3862e631cc5
Lg Eng Bfast,141097,dadfdc72-d31e-4332-8dc3-df5e56800eb5
Dare Ice Coffee,141098,d2737745-97ba-43d5-96a6-19ae1bfb0876
Pepsi Freeze,141099,a566c69f-28e3-4775-adaa-b5e85acd0c5a
!Solo Freeze,141100,fabff743-1dfa-4580-99e7-a113dfa61467
Dew Freeze,141101,c8ca32a2-e640-4aef-adef-5aad646ca3c4
1/2 Pepsi Frz,141102,da9f1cc2-a346-43b6-9c55-b823a3dc1702
1/2 Dew Frz,141103,470ca9f5-e0bf-46aa-a8e5-d4cf3d17c18a
1/2 Solo Frz,141104,cd807af2-522b-4789-8cd5-b647ca6b3eca
Extra Ice,141105,729fbe1f-f443-4023-8dc2-fc082baff662
No Ice,141106,beecaef8-33f2-4e74-91a8-7d009953e43d
Citrus Freeze,141107,b2e9c61a-2117-448d-bec0-767f644d02d4
All Flavour Frz,141108,c66318c0-23ba-47ee-b8c5-a2327b200001
Rasp Freeze,141109,def6e49c-96b0-4a56-8089-66526a05f812
Lg Pepsi Max,141110,e4886049-f54c-4d38-9905-acf4f3a1b284
Lg Pepsi,141111,d6ce3f93-127e-4ad6-8f71-d1b4e4352f1b
Lg 7Up,141112,318e4a5b-118b-4104-9c88-79f29a1c3df2
Lg Mt Dew,141113,9b047bd0-c325-4928-bba3-3947df566b37
Lg Solo,141114,cfb6f8cf-006f-488c-b224-1efc380ed75e
Lg Sunkist,141115,6057f2d3-babb-48a2-82bc-08a199f7ce77
1/2 Rasp Frz,141116,0a679296-f0a9-4943-91bb-c3033b10b62b
Dew Freeze,141117,7adf63a2-1169-4429-a137-b48e66be3956
Pepsi Freeze,141118,dbdff92f-af64-4b26-8b24-884b8222552b
Rasp Freeze,141119,fbfa2969-8049-4a66-80a4-2942153d3740
Pepsi Freeze,141120,472413f0-f9ec-4949-bdb3-b959c7e2bd09
Dew Freeze,141121,695ee01c-6e30-481a-8a9b-f0242b4bf532
Rasp Freeze,141122,0c38b9f4-a1b7-4f55-8ffe-e4817bb5c9e8
Pepsi Freeze,141123,d6a49082-6a92-4941-9654-95d16ca1ad92
Dew Freeze,141124,12a98629-0507-4dd1-ad19-8828d4a93c06
Rasp Freeze,141125,2e2de3e9-e6af-4a54-a2c7-613bba887b6f
Lipton Iced Tea,141126,6ffe781e-1928-470b-bc24-24b9ebdf45c8
<Krushers>,145000,43e26b61-47ff-4a22-9542-fd2b49dc41b9
***************,145001,bc821e24-b094-42f1-8ade-a237ab1f2bf4
!Krs Gaytime,145010,056e5bfe-f5d8-405d-a219-f4c4d48ad281
Krs Kook,145020,c0904212-7b8e-4585-9e54-e35905d80e49
Krs Iced Moc,145025,aa46c025-3167-4760-89b9-9b443937f738
Krs Mint Choc,145030,381bbd21-65cb-4449-98a7-1107039f0622
Krs Pop Candy,145031,ce49c4de-fba6-488a-baa6-b1f7fdcf03f9
Krs Promo,145035,cf41eb2f-984b-41f2-a8b3-c2fa48e401e5
Krs Grape BGum,145036,9e248c47-eeb6-4d67-8e6f-67b7d8bb9a47
_______________,169999,8adc975a-696f-42d2-a2af-9fd33bb24508
<Chicken Swap>,170000,97856b39-f7ad-4695-9b7e-58b88a01fd31
Original,170101,89ab6faf-3d11-4a56-b659-023c21ddd3a5
Hot & Spicy,170102,25001c13-59db-4210-9a86-1684314a2399
OR Leg,170103,94babc0a-4f49-4fac-9de5-55e799985ebe
OR Thigh,170104,f6a16075-2783-45d0-8ace-52e39c24fd4c
OR Wing,170105,57a437d1-2b84-4534-8d98-8e4e62acc19c
OR Breast,170106,6e94507d-3a3e-4103-883f-9c466d0dad32
OR Rib,170107,36a6bade-4174-4272-beb9-9d078531d201
HS Leg,170108,736989a0-8a16-4eee-be66-14b41c07320a
HS Rib,170109,1a73fc77-771e-45d5-b900-b447e141472f
HS Breast,170110,2216f3f4-1841-48e6-8af0-9b6d8bb70b3b
HS Wing,170111,456862e0-430b-4aa6-8cb0-10676cf009fb
HS Thigh,170112,2aa7038c-d11f-4105-8571-b3eb0e710d42
NO Leg,170113,32237c54-d578-4f2d-8f7f-fc665ff9a4f9
NO Wing,170114,f704bcd6-168c-42cc-8635-8fd69f7b6b47
NO Breast,170115,4d50a620-5f95-4843-8f9d-28ae39d2e0e3
NO Rib,170116,1415d6cd-93f1-4901-b9fd-e35eefbd7077
NO Thigh,170117,ef8f0a20-075c-4a85-a8dc-892430647a33
HS Boneless,170118,2e2cbb2e-263e-4213-88c4-91715bbfd706
OR Fillet PC,170501,1d6f5254-906e-4f91-a433-ab85abe31ff2
Zinger PC,170502,7a12610c-9c4e-467d-b511-4cdb7e258563
2xOR Fillets,170503,367ee8ad-15ad-49fb-9421-e24e404d67cb
2xZinger Pcs,170504,8846d0af-4be4-4f49-b394-4930c4c821db
Add OC Fillet,170505,d97a9b57-6b8a-4984-af9f-bcbfeb6479dd
Add Zinger PC,170506,79f76980-100b-4562-9971-486f20971737
OR Fillet PC,170507,6417fc3d-10fe-45e1-8f98-21f0e66165ae
Zinger PC,170508,1ea9023c-0482-49a4-95cb-207194fb56f3
Fillet PC,170509,f8bf332e-4069-4e3c-9840-a75dc1d2e57e
Zinger PC,170510,da314543-350d-49d6-8b14-4fa4f46ccd08
OC Fillet,170511,ef0cc873-6bdb-4d58-be5d-30b1450f5e11
2xOC Fillets,170512,a948d4db-2acc-43a4-ab82-1a7ff5dc6067
TENDER,170600,68e8dcab-85b7-4891-b997-12b0368bc744
TENDER,170601,8236d59c-2f09-479b-b25e-b6b9839317b6
Baked Tender,170602,c6b11354-4881-40eb-8219-015e5a9ef13b
2xTENDERS,170603,54da9980-d8cb-4edc-89de-aa7bbd5875b0
3 Tenders,170605,d9f1643a-dcec-461a-943f-78fb3ac23cad
5 Tenders,170606,414771ae-3e3a-4091-a97e-ea9b73e22f65
6 OR Tenders,170607,70981ab7-bd8a-481c-a8b4-3003507392b1
2 Tenders,170608,7bba8b12-87ad-49a1-bf72-8cda9f9c2b62
1xTENDER,170609,6d6c15b3-9136-498c-a295-d0da98bb4c2f
1xBaked Tender,170610,fe88533f-57f3-4ad9-969e-c5a51e63e191
HS Tender,170611,45a7fb79-78d5-4fcf-85ad-2c153b6535a1
8 Tenders,170612,2481a56d-ae87-4629-9319-f84c92ea50f5
TENDER,170613,0c3994aa-4825-41a3-9607-dc0dba4442d6
2 Tenders,170614,9132a801-9f3e-4507-9631-225070486fd8
8 Tenders,170615,f19e4d99-3a9d-4ff4-95f4-62deb700ced7
Wingette,170701,70c898a1-1bd7-4d12-a5ac-8410fa9f4313
Drumette,170702,84b0e24b-ce80-425c-a42a-9d74994968c5
3 Wicked Wings,170703,b0dacde0-135b-4dce-baed-55df674481e5
6 Nuggets,170704,d804a84a-108b-4cfa-9ebd-3775d301f805
8 OR Tenders,170705,42c39095-d415-4336-82fa-e6591763f8dd
3 Nuggets,170707,b88e91c9-822c-415b-89af-82623136c9e8
10 Nuggets,170709,f41cc074-508d-462b-803f-af511d853cfa
ADD 2 Wckd Wngs,170710,66010c98-974b-43c5-8c12-a116d9598a31
6 Nuggets,170712,a1a728bb-a8c2-48d9-81a5-5b6a53d04bca
6 Nuggets,170713,00b264fc-baab-4df8-a7fa-91654befb280
_______________,180000,780a9c58-1117-49fd-be73-e43cf9c8b469
<Chicken>,180001,b2d53afc-be13-406a-b26b-63f0cc251ecb
5 PC,180030,39a40150-e658-4bf6-b0c0-52a7b2bfe096
11 PC,180031,4054cc95-5f13-4d78-85d0-8a16fb997d00
15 PC,180033,18ad006a-a107-4f66-91c0-e7d6c86dc709
1 PC,180051,ffbeb00a-e635-427f-a7c7-32873609898e
2 PC,180052,63a82f55-f3d5-4823-95e1-c31fabf63f34
3 PC,180053,45f5c0eb-a4e7-4c9e-a18a-0430187a05b0
4 PC,180054,86be17be-2ffd-4684-be3a-ed8cdf072d15
5 PC,180055,60343acb-c5e9-4d64-a788-2f216564953e
6 PC,180056,bc27b540-4fcd-4a7c-9757-900c29fa6e89
1 PC,180057,2a31fb80-71e6-42f7-a9ee-6704639a454e
8 PC,180058,998419cc-90c4-4e0b-a808-10cdfe0d28f2
9 PC,180059,18f8b4ca-4f1d-4c46-a2f4-a72283b0669d
10 PC,180060,91ea0b5b-ca39-4cb5-8735-59344397a6b4
9 for $9.95,180061,7846b444-ea46-4955-8a1d-6e8520043ecf
12 PC,180062,3f92088e-1a7d-45e2-9c52-8b735301ad80
5 PC,180063,db22035e-534d-41f5-a30c-b7372197b2e4
ADD 1 PC,180064,b2dbcc78-942f-4b40-894a-d29bceca127a
21 PC,180066,1500361a-f78d-40dd-b007-b103775ea92f
30 PC,180067,df1c150c-919e-4f0c-b88d-bdadb110c8b2
50 PC,180068,74b8ac70-7007-4c3f-bc04-de80e626ae40
75 PC,180069,c260caa2-d998-451a-a62d-faaa57e1de9c
125 PC,180070,094bd23c-3be1-43cd-a314-4a57510aa891
PC OR,180071,aa6394fa-3778-464d-9a08-6168b1474051
PC HS,180072,bffdceb2-87c2-4f65-9384-8b91f3e292fb
Build ur Bucket,180073,e66699b9-fc22-4625-a6f2-421c3255c336
ADD 4 PC,180074,0bcac862-be02-43fc-988a-fc54f6e28aca
9 PC,180075,cb020934-5d5c-4323-95f8-75b1c1aaf5ee
10 PC,180076,4456827a-983d-40d2-9fc3-5af763388639
30 OR PC,180078,d4852afb-ed39-4369-aee5-70b462e520ad
50 OR PC,180079,a56c4d57-b3aa-4dc0-a6f7-5fac165d7fe9
75 OR PC,180080,3d81a22e-6008-4e75-abb9-321ca742996d
125 OR PC,180081,700b5c8d-be9f-4638-b4d9-d9b14ee6e93f
30 HS PC,180082,6e970b10-05ab-48ed-8c56-8742b45de1b2
50 HS PC,180083,823605df-0a2b-49ef-9353-bb3961c7cc11
75 HS PC,180084,10f02986-7dcc-4cbc-a110-6d2b4b0ceef2
125 HS PC,180085,bf16c55e-b97d-4385-bf7c-300fcfaf1489
100 OR PC,180088,829697dc-3e21-4f1f-9c93-142547fa9b67
100 HS PC,180089,3ad1cae8-87b3-465a-90ce-ddba18ff221c
50 HS PC,180091,f9b870cc-03fc-448a-8821-edcb6c4f4317
5 PC,180096,8a5a3be0-5622-4b2d-b80f-76297bc007a0
5 PC,180097,b0971249-c974-40cc-a5b3-6ba9d4c11840
9 PC,180098,964684f1-616b-49de-86f6-0dce6ff7bb20
6 PC,180101,d43c79bf-a7ab-464d-939f-304974b53860
Build ur Bucket,180105,fde21b0f-abd8-4b6e-a068-4f731c0bb208
12 PC,180106,7f7729d8-b44c-4091-ab8a-1c3a64772a25
9 PC,180107,a0bb341e-1163-4edb-ae69-d01ca95dfc9f
3 PC,180108,a02f42d7-da4d-48e4-9c05-91ce76656f64
6 PC.,180109,3b76b75f-4806-47ae-8987-4c0e8c71625b
6 PC,180113,b5435370-beea-4284-9aec-743f4530fdb8
Build ur Bucket,180115,49694dce-1f8a-4420-b44b-35b90cc1d943
_______________,180198,56565989-1101-4337-80cb-35fba5bffd9f
<Wicked Wings>,180199,f13cbd2d-7a78-4a86-997f-ef4ba49adb43
3 Wicked Wings,181000,ed0d467d-d585-4a60-bcaa-2938de45d29d
6 Wicked Wings,181001,76305009-5ea6-411b-b264-3cd83302dcd4
10 Wicked Wings,181002,3b92e959-5a0c-450e-a7f5-4f1ecccd2aee
15 Wicked Wings,181003,0a88d0b9-436a-4ca1-85e8-d1c16602ecb4
Wicked Wing,181004,7a2efd31-655f-4c86-96b5-7a19f29e498f
20 Wicked Wings,181005,48096f3c-3c6a-4491-b4bd-2f1dec76af8c
30 Wicked Wings,181006,629572a9-90f1-4a99-9b3b-fd5ba7362c8e
50 Wicked Wings,181007,8098a756-8e7d-48e1-9d23-72baec1ad6d4
70 Wicked Wings,181008,597f3638-5e0a-432c-ac7d-0cebc7867cd7
Wicked Wings,181009,b308ad53-9268-43f9-bcc7-22d3de97c4c5
15 Wicked Wings,181010,cb81a374-c2ea-470e-955d-de3c73cd7157
12 WWings,181011,a3bbe29d-4732-406c-b980-50fa61aa2590
9 WWings,181012,e1dddcee-3670-42c5-ab06-e20c607e8731
4 WWings,181013,a0859b29-8f1b-4034-ae77-467031db666a
10 Wicked Wings,181014,35ec6ab7-142d-4c91-be68-2b67f7c79f87
8 WWings,181015,5de03d9d-b31a-499c-9db5-0fe966c50644
8 WWings,181016,aec9be39-af0b-420f-8ba5-069499185628
8 WWings,181017,c984826f-cbed-446c-bb73-cb826d13b637
Wicked Wings,181018,20ebb4f4-199f-492d-b564-4e53b2040391
6 Wicked Wings,181019,03147ad8-d7ef-4510-b8ce-0ca4676727ae
3 Wicked Wings,181020,1029ede9-6b99-4220-8fb7-d5f341723730
5 Wicked Wings,181021,bb81d450-ceac-49e9-bce7-582582a64652
15 Wicked Wings,181022,79baade8-5949-4a04-b83a-d405c9352be2
5 WWings,181023,5f886b88-10cf-46d5-8cfd-2a1b33081099
11 WWings,181024,e1714199-86d2-484c-b9d6-85b644040f3f
8 WWings,181025,e9c81d1a-9ea3-4b17-b7aa-7b6007372d41
3 Wicked Wings,181028,5cfe7753-ecaf-482e-86fa-1e8484d74f75
6 Wicked Wings,181029,8d134214-29b7-4cbe-ace8-3c49408ff1c8
2 Wicked Wings,181030,a53d4121-138f-4495-a13a-ed5d0f284ebd
_______________,181998,adf9c13a-f51f-45b5-ade7-ff3652252305
<Fillets>,181999,cf4ecc49-e09e-4e17-a2bd-9b845c602d6c
Fillet Pc,182000,40f69c16-d5fd-49c7-b6ab-43ac691287c7
4 Fillets,182001,96bd4c5f-05ab-4df7-ae77-bc09eb72286c
6 OC Fillets,182002,0a55a65b-a7a5-4719-bd31-b1b4738a88bf
2 OR Fillets,182003,1cd3c642-6f60-4b80-9ab7-0be104be2bea
10 Hot Crispy,182004,08cb3e87-4f34-4873-aa09-87194f0bba97
2 OC Fillets,182005,2855e725-3165-43ef-9650-ea72d7983fec
2 BONELESS H&C,182006,286d6fc2-c451-423f-89a9-73bbbd13fcdf
2 BONELESS H&C,182007,b88e3772-45aa-4abe-bdde-d60a72e86602
2 Zing Fillets,182008,7cfa467d-c7ee-4c91-b10e-e5e9b5e05dd3
BONELESS H&C,182009,fdbad04a-d589-48a3-8644-b928b5efb04d
8 Hot Crispy,182010,de125a1c-0d81-4b99-8129-85afa51c3993
BONELESS H&C,182011,0cc70119-d363-41d1-b1e9-bc94b54350b9
Crispy Fillet,182012,8c3fe49e-ce8c-45cc-94d1-c1f678365184
3 Hot & Crispy,182013,67862627-9244-430d-ac6a-ccef4ccb4169
3 BONELESS H&C,182014,d5443514-d4bd-4ed3-9430-06c5b9b197f3
6 BONELESS H&C,182015,8b4a6c70-eae5-45ad-8aad-c29c10c821ec
2 BONELESS H&C,182016,6d431d80-1b5b-4015-a823-c03918b0aa0e
6 BONELESS H&C,182018,50db5e2a-d18d-4d3a-a71b-5e6da8ffe3cc
6 Hot Crispy,182019,03c01b0c-fac1-48e2-9576-570292d057d2
No Sce H/Crispy,182029,d29ce15f-dbed-4975-ab24-a52934574a76
Hab Hot Crispy,182030,34abf291-a5e9-442e-9949-b2cd2dffedfd
_______________,182998,2554c5ae-02b9-45db-9953-d91cb8072f09
<Tenders>,182999,5e4a912d-111c-4d89-a82c-9a46331d92b0
3 Tenders,183001,ffd860a3-9a29-443c-bf52-bdef2301d645
5 Tenders,183002,cf024be2-9190-4cbe-a598-6a188eecc184
6 Tenders,183003,5260cff3-df66-433e-b70e-d9d64c52c576
8 Tenders,183004,be1ca777-e920-4a26-a22c-6e0d8bd9bd0d
1 Tender,183005,17d452cc-38eb-4fa3-a5fe-97875ebf6b8e
10 Tenders,183006,e0297f8f-3c4a-4314-8474-ecfbd76ecafd
OR Tenders,183007,e791206e-86ff-4d24-b5a8-343fd50716fe
4 Tenders,183008,a4d898f0-cbb7-4c80-bdbd-bc1a2162cc01
20 Tenders,183009,0584f452-e276-44ad-bba6-28f826f337b5
30 Tenders,183010,8a679209-1026-48b8-9e77-7c0260970370
50 Tenders,183011,70235e0d-9be8-487c-bd9b-9ffc36497a98
70 Tenders,183012,80d6db65-71b0-4d05-9f00-e553e593f788
Baked Tenders,183013,1e3bf01f-06fd-497d-8d65-eafc39c2b904
9 Tenders,183014,ff4ff892-68f3-465c-9f7b-37ec7e99e9aa
6 Tenders,183015,e3549ffb-df33-43f3-ad60-4a80309a5df8
12 Tenders,183016,c6376805-26c1-4039-987e-627b5451cbf2
ADD 5 Tenders,183017,c61ea581-b594-485c-a8f0-6aab6ad8274b
8 OR Tenderss,183018,39fe6de1-28ed-494b-bf28-37f5af3145ec
15 Tenders,183019,d1490c9b-79bc-4d77-9f82-b6819503b971
6 Tenders,183020,fdeabd61-df8b-447a-91a2-f2d59e97210e
12 Tenders,183021,1c7e6189-ba5c-41a9-a8de-393e315571aa
ADD 2 Tenders,183022,a8490bba-e381-4fa0-8233-1f4249264eb1
12 OR Tenders,183023,e82e67cb-8ad9-4167-94da-19e3b113ba8b
20 OR Tenders,183024,1651189f-b7dd-449f-961b-5e889a5fdf4a
20 BK Tenders,183025,018b53b8-d448-441d-8de4-3e3cc6f032a0
30 OR Tenders,183026,91cf8b1a-6dfa-45db-92f9-ebbfd728ded7
30 BK Tenders,183027,19cd1a90-556f-49e8-9e31-1928308c1cf3
50 OR Tenders,183028,a962e0a8-f3d9-4302-ae81-d161c44adcab
50 BK Tenders,183029,9f498124-2044-448a-9be1-d2340890968f
70 OR Tenders,183030,5a00a601-bcab-4424-82cb-275bd3cfe228
70 BK Tenders,183031,550587fe-be07-4149-bad9-d98ecc61d914
100 OR Tenders,183032,49bce1ee-f75b-4cd4-add9-7d9c0efa8056
10 OR Tenders,183033,5eb429d5-c4c5-4fb7-b499-52c19690f817
16 Tenders,183034,643e2949-2da2-4de8-a927-0d46777b3feb
_8 Tenders,183035,63c0edc2-5a3a-4857-b8e6-8eade18d6c68
8 Tenders,183036,631a3d40-45c1-449c-8e03-bd20a65f4eff
5 Tenders,183037,9c750ea3-1e47-4770-84f2-c917598ec5ef
2 Tenders,183038,4609b3fc-bf29-4d76-bd0b-f0d2c664df8d
$10 for10 Tend,183039,17a7c1c5-3299-4a51-ae6b-6543b6402c4d
$10 for10 Tend,183040,8953726d-7a37-469e-a939-08d23a2d254a
14 OR Tenders,183044,09062381-9c0a-4d49-b121-83f3757d6886
12 Tenders,183045,efc3cb99-1625-48f8-9c20-8cbb9e936b9c
9 Tenders,183046,fd40eb00-162b-4b4c-b681-4498086bd717
3 Tenders,183047,0ac2c3b8-5e7e-4514-a06d-bc2a7b6805b2
6 Tenders,183048,69e7eb47-4c78-4729-b745-064383336748
4 OR Tenders,183049,5e53d5bd-9e53-42e6-820e-ab04f74fb003
6 Tenders,183053,6cad4399-c394-4551-aeae-4bc74394ae5a
_______________,183998,1c0785bf-7850-4f14-a4e2-2552474d31f5
<Nuggets>,183999,675a58c5-a255-46ed-8c51-61375a78729e
6 Nuggets,184000,2df870db-7618-442e-bb62-c3b138e753d0
10 Nuggets,184001,3f62e84a-7480-4b15-b7ee-f3044124917b
12 Nuggets,184002,02bb1362-bb4b-4c53-9448-f445b97921b1
24 Nuggets,184004,ff4e2c18-1b01-435a-b542-2ff23d8483a3
18 Nuggets,184005,0be931e5-c67c-438f-bd24-1e6dc5aa584f
4 Nuggets,184006,2fe451f0-00ac-4f9a-a2b2-e72ebb4b8205
30 Nuggets,184007,b75e8b79-c40a-49db-b1c3-db65bf6c2e3c
40 Nuggets,184008,9842c8f4-ae1c-4b95-8608-aa068a0af372
80 Nuggets,184009,eca52102-2902-4003-9d9f-50180f4907de
Nuggets,184010,50c24060-a222-4f37-828c-997c9403c588
5 Nuggets,184011,3db0ede3-b9e9-4787-9a3a-f0b90aaf3d13
24 Nuggets,184012,05164d68-9038-4f79-80df-e53779772256
20 Nuggets,184017,948762eb-9d1c-4ca9-872a-fe7561986790
9 Nuggets,184018,2520c9cc-1fec-4568-8ed9-e543e149dc1e
12 Nuggets,184019,92a951db-2472-467e-a479-1f38dbc96435
18 Nuggets,184020,ced0ba43-09bb-4187-a653-8137bcf60b04
18 Nuggets,184021,0fcdfae1-4848-4c92-ac60-c4ba4918ecbe
18 Nuggets,184022,37de4b8b-c7f4-44ee-8886-a07e081c8d67
30 Nuggets,184024,a336c760-a317-42e8-a4e4-c2e544b97a8e
ADD 6 Nuggets,184025,db683cdc-1a7b-47d1-895b-3fe1a8ae7e0f
18 Nuggets,184026,fd8291b7-59cb-4a39-8524-78e749b52fbd
12 Nuggets,184027,f8dce659-31af-4981-98cb-2fded034ff68
9 Nuggets,184028,29974007-175c-4aee-bd46-c8a7a80525d0
6 Nuggets,184029,e2073ac8-409f-4569-9ee9-0764d133c18b
_______________,184998,1087133f-3847-485c-8409-e8bad5c37675
<Popcorn>,184999,b52d82c4-947a-4504-9306-7cf35dc8ef37
Reg Popcorn,185000,bea5c807-019d-4971-87b7-a13fd6330afc
Maxi Popcorn,185001,eaf66b31-5526-4ecb-bde8-1bd01c85af7e
Snack Popcorn,185002,97f15f1e-22ac-42d0-8f40-34fcf96a4c96
Popcorn Bucket,185003,79130a4d-c4cf-47b7-a0a3-4cc302ceb050
3 Maxi Popcorn,185004,eb1fae77-b9c0-47b1-ae13-1653a8b74a60
7 Maxi Popcorn,185005,46b27eb6-5bfa-4f6d-888c-c555f85e41b4
Maxi Popcorn,185006,3c078ebd-49f9-4716-8ef6-f782a12adc8a
ADD Snack Pop,185007,eac2acd4-9d00-44e1-b195-1031b74868c5
Snack Popcorn,185008,bd14e029-9435-45cb-b46a-41089a01ac4e
Reg Popcorn,185009,1753a77b-262b-444a-873d-9e8cf6381ef3
2 Hot Rods,185011,94b2d28a-3c0c-4900-ad3a-273c745e1204
2 Hot Rods,185012,13652978-4d04-4831-a321-ac86068fe7e7
1 Hot Rod,185013,1f75a3d9-3d12-4f2c-aa31-38b312042264
Cup Popcorn,185014,be1ad563-125c-4e63-8663-98e78c34222e
1 Corn,185015,b1bdb409-93e0-4b97-ace1-7a42c9cbbb06
4 Corn,185016,a0f8064d-0e8f-4cbb-b34d-321efbcbd15b
Slab,185017,ff33310e-5f3b-4295-975b-d288c21a38cb
6 Hot Rods,185018,f656a69f-1013-4237-a5ce-06f2493fa3dc
6 Hot Rods,185019,69e3735a-29c7-48c3-aa96-3b6e04bd4a52
2 Hot Rods,185020,1c4bdd46-b682-48a6-af42-0490a780b25a
Snack Popcorn,185023,f7cbbb7f-e4a2-425d-a057-e67484d77e6e
Snack Popcorn,185024,e44f4487-b9a7-4ec8-b834-576e2a8396b0
ADD Maxi Pop,185025,1d327cb5-fb56-4691-9b46-0d791d7e52ab
Maxi Popcorn,185026,81a982e2-bd01-49d2-9fa4-83b4bed33163
Reg Popcorn,185027,92abc496-d302-4990-8ac7-9837800901be
Maxi Popcorn,185028,b162fceb-1bdb-4e9a-a036-7f80fcd9cb38
Reg Popcorn,185029,aa13c548-2d9c-4f05-9c4e-a9b02ede42b8
Red Cup Popcorn,185030,08af9f2b-9be7-458e-9fe1-196e1dba5f62
$5 Maxi Popcorn,185031,8a740ef8-8233-4eab-a12a-20446f585fd3
6 Cookie,185032,9a197ac0-1b21-4840-9dba-08fcb5660be2
3 Cookie,185033,0c14a569-ee4b-496e-be72-c44ab2cf4011
3 Cookie Dough,185034,e9881ffb-1fdf-4988-ab04-254e6817d26d
_______________,190998,6fc6bccc-7390-4552-a9d2-8cb67a031a64
<Sauce Go Bk>,190999,bcf62f7f-2469-4117-8a99-9d20129ab357
Go 2 WickedWing,191000,da0fd922-4b55-4c43-9b98-e8905ec4ec62
Go 1 Tender,191001,bde4247f-db8f-401d-93de-c2399fd1dda8
Go Popcorn,191002,919a0cf5-2153-4214-a469-f0b9c64b0259
Go 3 Nuggets,191004,26410627-bdff-424b-a691-f098991d2da7
Dip Tomato,191005,217aea6b-6872-41fa-a2f5-585e67ebacec
Dip BBQ,191006,366248a8-15b4-4eb6-af42-db56fb709bb9
Dip Supercharge,191007,cc169d21-6f3e-4725-91a8-2d5d75980eee
Dip Sweet Chili,191008,fc1ee2da-2dd5-492f-a1e2-846c10e74e9f
Dip Sweet Sour,191009,7ddcb351-cf34-47f8-81fb-7165bc44a957
Dip Aioli,191010,87a0aab5-6286-4ed6-9f38-145d35fa249e
No Sauce,191011,28996b1e-f9fd-4dc6-bcd3-37b9129452e2
Go 1 Hot&Crispy,191013,b071bf7b-5e57-421c-8b64-e19f7d5b0c8e
Kentucky Snk Pk,191014,beebf276-2ba3-41c9-8609-81228931827b
Loaded Chips,191015,cbdacb32-c14b-456f-87e1-23c05dde544a
Dip Cola,191016,85bf06eb-5349-4cb8-bd12-76392f7f2900
Nacho Load Chip,191017,981bb408-64aa-4324-a877-9a5a94033555
Kent Snack Pk,191018,2fd5f0e8-8b6a-4cac-8e6b-73b7992fd5c3
Go Popcorn,191025,bd9b379e-ac62-4311-83f0-37693efb4812
Pop Loaded Chip,191026,005b9b92-960a-4618-9633-118600185a09
_______________,191500,26e4aafc-00c6-44c8-8c17-eca486f41782
<Other>,191501,e657e483-a799-43a7-93ca-618d83e7d1b6
Paper Cups,191502,297a43fb-bc6e-4bd8-9e69-cbf8f3aa5f04
Paper Boats,191503,7108c806-f438-4029-95e5-536439f39e91
*DELIVERY BAG*,191504,fad8812a-3d7d-4a8f-8285-816b9b0ca7d7
KFC Youth Pin,191505,23b27cd9-0ed2-4e5a-b349-e63f4f939264
Delivery,191506,a52ddceb-3738-4115-9f7b-52f3041e10fc
Delivery,191507,02ebc70b-4dce-4ac8-955f-cf6777662779
Delivery,191508,d9261c1b-be2e-435f-8252-d059cae1042f
Delivery,191509,9b7c815d-66d0-429d-80a1-68bf21325144
Uber Eats,191510,ca3012d2-6afc-43e2-919c-adf79902eb22
Wafu Cutlet Bgr,191511,94ea83d2-4a8d-4803-8a71-66406d1274a5
La Chingona,191512,fc76d7f9-d0f0-4993-974e-eedca24ef6a4
Pop Chk Poutine,191513,acc810ee-7b14-475a-8ba0-d964f0d89b0a
Brekki Crch Wrp,191514,2f61f2ad-9534-4f21-a0d6-13ce78fcc166
Hot Cruji Haban,191515,fc234c3d-ad8d-4f89-8944-b52fd6c539f7
GC Activate,191750,1c42cb7a-42c9-4959-8252-7f8f349e8c16
GC Add Value,191755,111b2dd6-4c32-4a6c-a248-e182a5fb7595
_______________,199999,25f92eed-4efb-4212-b4e5-6642e9bf5344
<Mod-Condiment>,200000,65a8949f-92f1-44f9-9947-8fe253d53191
Mayo,200001,0d7a45b5-8a81-4744-8064-2ffe2bbe22d5
Hash Brown Cup,200002,2463caf0-bfea-4148-97de-360b1878aa41
Pepper Mayo,200003,c078fa53-be75-42cf-9c5a-e15b17fe7323
Supercharge,200004,4b5f2def-61e2-431f-b16b-43b458f5e046
BBQ Sauce,200005,7c6e8200-86ac-4e10-a578-243bcb73c3f7
3 Corn Chips,200006,860af4f4-2085-4239-8459-a5bc8ca26e0e
Tomato Diced,200007,04c6c9ea-5b74-499a-bcb5-ac201bd41983
Lettuce,200008,a8025ec5-ecea-41c8-8c95-668b296b6df5
Cheese,200009,197020e7-9d42-4f25-9422-f6d60f15a05c
Crunchy Slaw,200010,1f332ac4-43e4-402e-9009-a9de27f3c686
Chilli Relish,200011,4b6ac8e4-a946-4d75-a3f4-34f8b9557edd
Promo BBQ,200012,dfabbdec-aee2-48b2-b4d4-b8341fa9c302
Bacon,200013,0ecd9b60-03ac-43c7-9d8e-3731c141561c
Guacamole,200014,5feb4217-81e8-4667-b4ec-4c245ce646d2
2 Onion Rings,200015,0cf459bc-d72b-404f-a523-b0186702d552
Salsa Tomato,200016,b137245d-d169-4a8c-ac1f-54a82e7368eb
Cheese Sauce,200017,c83b3e28-2c79-4ad1-87bb-93d5a0eddb72
Tangy sauce,200018,a0bf504d-928f-4555-8413-c951515c0961
Maple Mayo,200019,bb31226d-4cb4-4a23-9d6c-68a133a6fff2
Tomato Sliced,200027,c1ea7885-8826-422e-a7ba-4b6d443dcf81
!11 Chillies sc,200028,71fba966-ee10-40a2-afd6-bd8bab6aac10
No Salt,200030,fb999da7-f133-48ac-896b-2bb6a43308d5
Extra Salt,200031,12a66000-1c98-43ca-bc0c-5577ba6bdfad
3 Dipping Sauce,200036,d74a3994-c09d-47f9-bf68-a2b74a3a3dea
3 Dipping Sauce,200037,0c6b4e6d-fdb5-48b0-bcfe-956d258afb06
2 Dipping Sauce,200038,83feb63f-4397-4c76-8747-e289e16b405c
3 Dipping Sauce,200039,0d4222a9-d3d5-4c9a-8021-13300f04ee9b
2 Dipping Sauce,200040,d0e720a3-cd3b-4314-b370-37da2a157172
4 Dipping Sauce,200041,b493ab1c-16c2-405a-9dac-4c96211c81a4
Jalapeno Mayo,200042,460c0a70-3c8d-4f48-bcaf-bf0dd14dc9d4
5 Dipping Sauce,200044,92945186-e232-4b5d-a215-177090e13cd3
6 Dipping Sauce,200046,b67b4308-9de9-4e4b-b69b-5140c8fd285e
Pizza Sauce,200049,f0d460c3-daf6-4d88-a6c1-6347842ba1c2
Salami,200050,27faeaf0-202c-475d-ae7e-7388cc96d2ea
Smoky Bac Mayo,200053,14a74858-677d-4b92-a980-381a9260e882
Spicy Bacon,200054,94380cde-9a1d-4968-8aa1-081525bb3eca
1000 Island Sce,200055,a7839e16-5c71-462a-80a3-3570c1281954
3 Dipping Sauce,200056,868e8311-d633-46ce-802d-7c83a22da0b0
2 Dipping Sauce,200057,b1083dab-b1e1-40f4-8e40-4b26febafd67
_______________,204998,2e81d5a6-4a20-4562-8179-8e1f30ec7a1f
<Misc>,204999,a848e3d1-0c8f-4ba8-a86c-6bb1e845090a
LE Promo,205000,c95df241-4f9b-4d5c-a759-875b58f0d897
HE Promo,205001,f4c0c757-0b05-4221-b181-eb7b49c51b58
App Promo,205002,839a2ef1-5adf-40ac-af4d-6ad7e89c2a73
FrChip/RegDrk,205003,9e9790f5-812f-4a44-895c-04ea71999c1f
FrLgChip/125Drk,205004,387a2d65-d1cf-404f-a92a-7d14b0fce928
Fr 600ml Drink,205005,f672ba83-76b9-4367-9b2d-b809d1c687cd
Donation,205100,50cefaa9-9c25-44e8-a6ed-76d0c88b1e9a
**MULTI ORDER**,205101,9cc96ac3-28bd-4a61-b275-00c4faccb27d
**START ORDER**,205102,fffaa936-6abb-4dc3-a912-2287aa5d81f2
**CAR DETAILS**,205103,7f96f72e-607d-474b-a1dd-6ea3a5af70be
** CAR **,205104,9a657484-1a0a-4dc8-99c6-ba48a9f6bbd2
$1 Donation,205105,dbc5fb99-2013-41ea-be0e-f34d7ddbd40e
**KITCHEN**,205106,ece4b6d0-6d26-4551-82d0-9e91be694a61
***LANE 1***,205107,c32d0097-c487-46ad-bb53-f534d37e553f
***LANE 2***,205108,2322e868-4a96-427b-a86b-fc6936d5c2f8
$1 Donation,205111,12985bb0-dcf8-4e35-8561-a7a481f190c5
$2 Donation,205112,2e839bbf-5959-4c03-8c22-0d3e1745edb0
$5 Donation,205113,04572a75-9a46-4925-a76e-6db0dfbb1695
0.50c Donation,205114,ea2d3e76-485d-4239-ae71-1893e233651d
0.20c Donation,205115,c30dff10-4685-4565-a7dd-8f6e1860d5cb
0.10c Donation,205116,40c3f4f2-99de-49b0-b682-493ba2d45f26
0.05c Donation,205117,2a28274c-94cf-48ba-a591-ce6a433b47a0
0.15c Donation,205118,0942188a-77c9-475f-8739-1c1848ef43f6
0.25c Donation,205119,b96fb63c-6460-4a8f-85db-f4cf912eba3b
0.30c Donation,205120,a1e5b771-1d36-4be1-a074-9ff6a51cf0cc
0.35c Donation,205121,6439dc76-5e1d-450f-92d7-6537a800eda4
0.40c Donation,205122,3eb01a62-a5fb-4381-8b42-2c87aa0ef18e
0.45c Donation,205123,b9ee28cd-08c7-4ec2-9509-1568330f5bdf
0.55c Donation,205124,8b8e54d6-8847-490d-a046-a1b90567026e
0.60c Donation,205125,0989be82-3f06-4020-9db4-e05d4f7b1e81
0.65c Donation,205126,af0cb58d-3797-445e-a327-eb21c5a00fe2
0.70c Donation,205127,69145388-806b-4f3b-b9cd-bde6c911cb0e
0.75c Donation,205128,80d731e7-91a7-4906-99da-6f9218adfe80
0.80c Donation,205129,d4eed54a-f697-481b-8627-62a3e5ce5e82
0.85c Donation,205130,28cdf990-cb87-43b4-8717-f37983a16e97
0.90c Donation,205131,5ca4f461-12e8-4cfb-9ead-1550d646021f
0.95c Donation,205132,a3141b48-1795-4f38-95e8-44c2d12d330c
PCEFTPOS ITEMS,300000,56bee861-6f37-4873-991c-631d6b72925f
Processing,300001,8fdcde85-c184-4d72-ac28-05573b8a816d
Failure,300002,54293d8a-d791-49ed-9ae1-b8cb6a66ddf4
