PromotionID,Combo_Name,PromotionUniqueID
4038,FLG COOKIE BOX,50b199f7-882d-4fd8-801c-6dec33cc9ece
7024,ZING & NUGS FOR 2,ffc8c8f9-c286-4a2c-b70b-a445d76951b0
9068,6 WING N CHIPS r,2ea2ddaa-c1cd-4b85-a8d0-2b8ae5b10375
9048,GO BUCK & OC BURG r,3aaddfb3-20e2-4982-aa04-e138cbf9b39a
8106,FAMILY FEAST P,79aa15dc-4bbd-45fb-9b54-13c1cb3a6f18
1036,GO BUCKET CMB,c9ac8217-d70c-4ffe-a1e7-e5326a572637
1047,ZING CHIPSTER CMB,40968892-a7b2-416d-aa32-006592667c66
9059,ALL CHKN LUNCH r,4aa4b7ab-c905-48f0-8ec9-7af8cae864c8
4036,ZINGER B&C BOX,6c0edc0b-b85c-42ad-8aaf-18fe9ead6e78
9003,DOUBLE CMB MEAL,d53cf08b-0ef4-4bc7-bdab-3851e96bc9a3
8101,FAMILY FEAST,6b0851f2-1ad6-4a28-9ae3-556e5044ef58
1112,! SNK POPCORN CMB u,2fc2e557-a051-4267-affe-86bd1ae42a2e
7052,BURGER DINNER,7603e0f9-9ad7-4df7-b21f-f17dfd8158bf
4008,TWIST OR CRUNCH BOX,80636341-f19c-4e96-a9b4-acde7d0b37b5
9021,ADD COMBO,fd11d7e0-40bd-4de1-b3b2-ed4f82b29b9e
9507,! BOGOF BURGER,b697fd1b-9ebd-4a0f-a938-44e5568fce84
9504,ORIGINAL OC FEAST,47516d42-97ec-4e09-b490-56be534ac7e8
5999,*******************,bf456d99-2b9c-46a4-9fd9-bd9ba63e7eaf
1032,OC B&C CMB,a7ec73d6-fc71-4863-88cb-0ccfbd22e35d
1117,! KIDS SLIDER u,9babb898-541a-4206-be25-03b80ca9f099
9073,ZINGER MOUSSE CMB r,fa0a1121-b360-4c75-9dad-b1efa7402038
4015,ZING CHEESY BOX,73fe04e7-fdc8-49dc-99a6-665c262b2a13
4104,TWIST OR CRUNCH BX u,6e54b0cc-b9ef-4d57-bca3-ce43d1bf4e8e
1033,OC BQ STACK CMB,39951129-2e4e-4755-b687-7bf294e16ae2
1012,ORIGINAL BOWL CMB,689e5292-9038-4f5b-b215-e4d30e603629
9026,GO BUCKET & FREEZE,fe8b94b5-6933-4446-86bf-f10fa868aa3c
7113,KENTUCKY SNACK PK,81cd3bd6-46bc-4abf-b875-ae4079873ea8
9047,2 for 1 BURGER CMB r,7e460a61-eb1a-4cd8-a37f-fa3e399fb815
7116,GO BUCKET 2WW,338bc678-8057-47b9-b565-e0571e6e08bd
10003,Finger Foods 50+,be801624-479e-4b16-9587-938e4634ba95
3001,6 NUGGET CMB,d9acf512-623f-498a-9404-260c66ddd807
9056,$5.95 KENT FEST,fed54b44-288c-4f4f-8434-65d5c4157028
8022,GIANT FEAST Pos,bd084e39-f74b-4615-8342-826ea86cd44d
4000,Bgr 2SideDrink Box,ea366329-0042-4941-a67b-cdb50099b3b5
1022,3 PC CMB,9f756ff8-6819-48e0-aea7-818ad91ed413
9012,ZINGER LUNCH,89799a3b-ccaa-4133-a550-53c77487a3f2
9500,*******************,50dcdf66-60cf-4e3b-b45f-e8a6653ff7d3
7023,ZING CMB & OR r,bdf67079-c384-43ed-8cf8-b9a12c5459d0
9517,FAMILY BURG DEAL,f8ca69b7-35d7-441a-b409-7d37a50b51b4
9062,TWIST NUGGS CMB r,2a129c77-9663-4c40-ad6b-5122bcd54b20
7118,GO BUCK 3 NUGG,4e150586-ac57-4d68-9572-a4336ada763e
9022,OC POP CHIP,c00152a1-1e36-4565-b75b-d8d0d5090587
9034,2 for 1 OC BURG r,e5069db0-e81e-4935-816d-66acfff266da
6102,! ORIG TENDERS BOX u,178fbab3-b34a-409e-91ef-abffe612745a
1116,! 6 PC H&C CMB u,cd0ef252-ae99-469a-a9b0-274d14027d44
10001,Chicken & Chips 50+,1e1edaf9-ea59-40d9-99a4-363fec186012
9027,OR TWIST LUNCH,68a31e4a-e997-4934-ba3a-66d18309b182
1016,6 WING CMB,b50ce113-0f2a-4338-97d6-2174138626a3
8004,SUMMER FEAST sa/wa,36571c47-67de-412d-a2c4-c3057c07af03
8104,! BURGER FEAST u,4725ad04-e23c-48b7-86a9-719ee0f16932
4108,OC BQ STACK BOX u,c85fa45f-9e54-424d-85a9-63ae4a5e215c
9019,$12 DBLE ZING FST,af7067ad-13c4-4f60-af0b-a30e6554af90
7026,2 for 1 LGE CHIPS,9d985792-a543-4231-a2ff-643e5215027d
3102,! 10 NUGGET CMB u,9bf4944e-b0f8-40e7-81bc-03c3948767b7
9067,$3 FREEZE & NUGGS r,a8c17e25-1bfe-4cac-948e-316cca795e33
8999,*******************,20f1ca3a-6492-4257-a402-0fb70f332f49
7018,POPCORN SLIDER PK,a957b800-7a10-4d97-83ce-7ac7bf11579b
9999,***Catering*****,aa3f1154-d301-4b1a-9432-eb980ace61e1
7006,MOUSSE n POPCORN,815020a3-754d-40ba-8976-78a46642abd9
1018,FILLET & CHIPS,ce661b8a-4b23-4458-ab15-7451722d3ef7
4103,BRG ZNG CRUNCH BOX u,7618722a-3852-458c-8a4e-c927ab713e46
1113,! 10 WING CMB u,dbff59ff-d5e4-4d42-839e-30f705cb6c7b
9018,$15 NUGGET FEASTER r,d2085752-edd8-4064-a8f5-58af247f1b1c
9513,! HE Add on Sides,25b6c8d4-5a64-4ff7-86c8-f49122e9db37
4024,! OC TOWER POP O BX,90cd82bc-d259-4405-a05c-9b008c7fb4e0
9001,ZINGER POP CHIP r,598ebcf6-3c58-4dfe-b596-57b4da4ea7f8
10004,Variety Pack 20+,98114f19-881b-40d8-aae6-3c9284310295
1048,POP N TWIST CMB,0da17cd8-7e93-4e3d-8db5-7e65d2023143
9509,! FREE UPSIZE,53466c77-f2bb-443e-a99f-91ddf1e24cf6
1051,NUG SLIDER CMB,b5dc70e2-e9d1-43f8-ae4e-cee4153599bb
7013,MATES LUNCH,629a5a8a-1dee-47bd-a30c-4e2fd522a2da
8103,DELIVERY FEAST,76e902ff-8ead-45d6-ac62-d306e2b12005
9058,$15 CHICKEN FEST,fbe64760-aa45-45b1-b6ad-a47fe5bde896
4009,TWIST ZNG CRUNCH BOX,18ece488-575a-4105-8ca0-258295a23cb5
7101,**<Fill Up Boxes>**,f27dc160-f2ee-4d93-b309-20e41cf09f72
4010,ORIG CRISPY BOX,7a0c234d-cad5-4fca-bdc5-3e527128818b
7120,GO BUCK HOT CRISPY,88e19923-37fa-4e7e-ad4a-98b2c981cffb
1007,ZINGER STACKER CMB,0f4a2b00-581d-4c09-8b30-8c4452cde21f
4002,ZINGER BOX,5b5cdbb8-218d-4b59-9d34-e386bffa1c20
3103,! 3 TENDERS CMB u,20a74288-5a48-4dd7-b30c-375bdfc80527
9036,DBL BURG LCH r,5ac194bf-15d2-43fa-8f38-88a2232d9091
8002,STREETWISE FEAST,413e1e9a-3dcc-412e-a48e-90b23cbbe459
2999,*******************,c9bc5d92-f3bd-4bc4-b90d-ec84992d604f
8049,GIANT FEAST P AppPos,1c2fdc59-3dea-42e5-b55c-6cc11ca0bfc1
7022,OC BURGS CHIPS NUGS,a036fe8e-76e4-46ac-a04f-6dbbbbd2841f
4110,ZINGER BOX u,e46e6800-1259-41c6-8594-231e40622b85
4105,TWST ZNG CRUNCH BX u,9f1eb301-4d21-410d-ace4-7d29bd56eb26
1055,ZNG SLIDERS CMB,17fc6829-d9a3-47e3-896b-28ad49fa8f1f
9030,ROAD TRIP TREAT,342d529d-247c-4ba5-bc72-3b653206c584
7005,! THE ONE BOX,c7023e1e-13e4-45c2-a2a5-22f1dbceb2c3
9009,! DBL 2PC FEED,973e70b3-4d2b-4a53-ab7a-3c9608c9e426
9070,$10 BONELESS STK PK,d341041d-02ad-4279-b03b-de870356413d
1056,OC CHIPSTER CMB,e307b48c-7d47-4d4b-8284-271a44e4d387
1060,SLIDER STACK CMB,3333f3a8-e5ed-4fb0-b7c9-074b4b4ff26e
1011,ZINGER BOWL CMB,f2ce57d1-88ce-456a-8adb-3d127e8d2a00
4021,OC BQ STACK BOX,613dee19-c140-4b0f-b8c8-59394d1687cf
8051,9 PC DINNER P,e08de0cf-37e4-4e2a-a131-6648518d6b28
9505,BIG DINNER,7f7e2595-93be-4e18-ba40-09bce422dac1
9004,DBL BURG LUNCH r,6c980ed5-ae33-4300-94a3-1118f5d932a5
6103,POPCORN SLIDER PK,e223ca6a-4909-43c9-a3e1-f3ab645f122e
9043,GO BUCK & OC BURG r,e35fd1b1-b52b-4bb2-8754-115e193184e5
4107,ORIG CRISPY B&C BOXu,e4b337d4-fe10-46fb-94ec-7eb576325084
1010,ZINGER CRUNCH CMB,6d187074-4b6b-4e4a-a015-e4701e6508cf
9037,PACKED LUNCH,b7477fff-10dd-46aa-8345-b8e7fa4b5dce
8033,VALUE BURGER FEAST,62090361-272d-4692-85eb-10ba1e6ec0d5
9042,CHICK N CHIPS r,0a98de04-db6d-44f4-9f15-b1b0a5456531
1111,! 6 WING CMB u,6ebe30cf-781b-4a89-90ce-657f8a2f8274
9506,FR 600ML DRINK,57cdca80-0892-4535-8ccb-e75bd937a7bf
8014,GIANT FEAST,30e1a6b2-1e50-4e82-a18a-f9e53086aead
9035,$12.50 DBL WHAMMY r,53c4537b-a813-43c8-9247-e3260738c11c
1066,! OC TWST TOWER CMB,62392397-4af5-44d3-b160-0a0b0457f4c2
9005,NAKED ZING & CHIPS,6f3b3678-76ca-4195-9e56-9b70f90cd50f
7115,GO BUCKET POP,2915ca75-c2a4-4c30-8ef0-40899b494999
9501,**<HE Coupons LSM>**,001a2e44-ef04-4098-a415-605eda620c56
1030,21 PC CMB,7914b470-606a-454b-8ed4-f4a9df87f1e4
3104,! 5 TENDERS CMB u,a3e00b01-e5c3-417a-9bd3-dd8559f9ed7f
1024,3 WING CMB,8f75cd8b-9560-4f34-aa49-b1db79d0df1c
9514,! HE Add on Drinks,2658e2d9-7cd5-4269-b0a7-6a74226be645
8039,VALUE FEAST,c050eb49-9227-44ec-a0ba-2292f9a3952e
9046,ZINGER SLIDER CMB r,57420fec-b217-429b-a35f-57383678dda1
1110,! MAXI POPCORN CMB u,b504912c-c9dd-4071-b6f0-720c83b8d1d5
1105,! ZINGER TWIST CMB u,69198032-0ed1-4478-901a-5cee36f2ec72
1120,! KIDS 4 NUGGETS u,76065c9b-6e8d-427d-a34f-8ec6959e7831
9053,$8.95 DBLE BURGER ML,caacf5c4-7d42-40a4-ba49-458548992143
8018,FAMILY FEAST P,bf73d5b9-6eba-4eb2-8c22-256cf4b25519
7008,2 PC MOUSSE CM r,239894f7-33cc-46f3-b7ef-1644979e2d33
9069,TWO SLIDERS & CHIPS,29dd0b62-53a0-4aaf-9891-199be7ca965f
9007,FEAST FOR 2,6115f2ce-3a02-48cf-bc0c-99368d1ae566
9011,2 PC CMB,356041f0-9f71-4902-a668-35e45390a849
3004,5 TENDERS CMB,40deddb0-5a55-4cf6-bb46-60eade2d20de
9044,ZINGER WINGS CMB r,46ccbd44-95eb-4146-9c9f-f53a3436655e
7117,GO BUCK 1 TENDER,e46c2acf-0596-4194-a695-7d89c38e62d7
1122,! B&C ZINGER CMB u,5958768b-f040-46b2-aa53-71f00c1007c0
4013,COMPLETE TRT BOX,f01ccdd2-cf63-4636-a4a6-2046abb43842
1027,6 PC H&C CMB,7e9f0e6e-01a1-47d6-a590-2511e5808a59
3101,! 6 NUGGET CMB u,07c36e8f-ceb7-4e55-86b2-9cb1db9f10a9
7025,BONELESS PK FOR 2,fb03bc48-e0ab-4db3-b6ad-07b1fe8f2ff3
8036,DELIVERY FEAST,6f0f1dce-bce5-4204-9ad7-da3e733c51ae
7012,LUNCH FOR TWO,603e5dd5-91be-411f-98d5-bf70c4101518
4031,! OC TOW TWST POP BX,33600bd4-6f00-4462-b132-1ae47b6afcba
9008,BONELESS BOX,3a36db5e-f336-42e2-9b07-c2dd5f998a41
1000,SideDrink Burg Combo,b1282ba3-ad60-44e7-9ebe-5848d8b938ba
4011,FILLETS Z BOX,424fe128-87a8-44c6-b5fa-3948c559da66
10005,Variety Pack 50+,e368fd9b-3993-4abe-a9b3-faeca55b5e98
1004,! ZINGER KEBAB CMB,6eacd805-840b-435e-9975-24ab008d62ad
8047,NUGG PARTY PK,c9cfb1cd-5906-4e22-9d2c-4420891b03fd
9057,$15 TWISTER ML FOR 2,05af1233-2824-4cda-9895-7cc2774db123
4026,! OC TOWR STK POP BX,ecaba0bb-2a9d-4b8d-84a1-a2eca4dd861a
9029,BOGOF BGR CMB,d4a2cd67-b5df-4719-af87-8f186a7d2be0
1005,DBL TENDER CMB,c0b63e80-4046-4594-ae56-c54756ec76a3
4020,ORIG CRISPY B&C BOX,1588d02f-159f-4a68-84fa-7bd511bfa36d
7098,FAVOURITES BOX,74d8535f-4be4-4a4d-b674-366538873046
9031,$12 DBLE ZING FST,e463f16e-69fc-4391-8040-6c5ea2e60697
1064,! OC TOWER STK CMB,e44c373e-f5d9-4fea-9a34-646eaab051c6
3003,3 TENDERS CMB,6f60a632-c297-4aaa-aaf9-88e8418b2d95
1068,ZING STK CHEESY CMB,dfdb431b-044f-49fe-a10a-76b2d8073b2e
9515,! LE Add on Sides,a52fb829-5962-49b8-9dc8-3054db57cabd
7000,*******************,4646eb77-8226-4e53-aff8-03858c6866d9
9000,**<LE Coupons LSM>**,6f654225-860e-44b9-be70-9ea5cf63358d
1067,ZINGER CHEESY CMB,4e1ec657-cf41-4c5a-b64e-80b8bfe32529
6001,2 PC BOX,e5ea6a12-4fcc-4222-ab93-c48e8eeb4674
9016,GO BUCKET CMB LSM,d3a9a667-4971-4186-bfd2-ad12ebf3bc2d
4004,H&C ZING BOX,e8fcb03e-442b-4292-a7ef-13daff73d96f
1118,! OC B&C CMB u,78f20780-b9a8-4452-8270-0162c47191bb
9065,ZINGER NUGGS N CHP r,4a0764bc-a472-4636-96cf-95085c67b3ad
9998,*******************,79f0bf1d-a520-4496-948b-91839994e793
1107,! ZINGER BOWL CMB u,2ce1736e-83c3-4818-b75d-5a8b07f4abe0
9017,$15 COL CHICK CHP r,d5581b9d-ae27-4f60-97c1-1cb3e3b66e4b
4012,FILLETS OC BOX,08a037ab-ccf1-4f43-a582-0307db33be8d
7050,STACKED SNACK,2c09c5e4-9a5a-440b-974d-aa107067b287
1101,! DBL TENDER CMB u,d1ea75aa-b361-4c52-b7cf-61b8082db90f
6104,FAVOURITES BOX,a9f11788-d9a8-4217-83c8-df384d8dbfdd
8003,FAMILY FEAST,873836a7-589b-4935-8f8b-59308685ab47
7001,ORIG TENDERS BOX,90914160-49c0-446e-a109-5cfa8198ab8a
8038,BURGER FEAST,91bc9766-0e60-4ae3-93df-c5f9f3260d11
1006,ORIGINAL TWIST CMB,e9818524-2932-4024-900d-1956f7523a90
7021,6 WING R/CHIP,e7848b04-2b54-42aa-a64e-5110afe67cc7
9063,ZING BOWL 2 SLIDERS,584ffb29-09ff-4412-bb20-9a33dc8e5b58
3000,***<Nuggets>***,4f47df1f-14ae-4e1c-ac4b-0dfa01e481a3
1014,REG POPCORN CMB,ab93efe4-c93e-4473-adcc-54e1a42f3b41
1078,6 PC CMB,3cca718b-d6f2-4ff2-9028-17b04c079141
4005,ZNG STACKER BOX,049f80ca-f667-4594-bf43-b64d25b9a8ae
1043,Fix - Make it Combo,d28ad024-62fc-4dd6-95f7-cacd711a7777
1102,! ORIG TWIST CMB u,d332dc07-8a55-4a5d-9ca1-5296f3db752e
9072,ZINGER & POP LUNCH,8cdbc76a-4592-4cd4-a8de-d77b7be5fc90
1114,! 3 WING CMB u,93414f2b-e043-4487-855f-dd53602aaf7a
7014,DINNER FOR 2,2479ec3f-b328-4b2f-922d-2b45b1635cce
8011,ADD 2 SIDES,c156e3a3-75cb-4dfc-bd7b-dbd382895c81
10002,Finger Foods 20+,1be31dc4-01eb-4944-9c43-6e69823b15b3
6002,3 PC BOX,e93bfe1e-28cb-4190-894a-a65401304b10
1037,KIDS 4 NUGGETS,01fcf84d-7cd3-49ef-8dea-6a089abb807a
9061,ZINGER NUGGS CMB r,12ea54c6-2e9b-4762-81ab-e76ee3c42485
1017,2 PC CMB,36fe5684-b56f-4a7f-8888-fa7d6fcf9122
4003,DBL TENDER BOX,016696b0-27d7-479e-8603-6bb225b9ed6b
4109,ZINGER B&C BOX u,946e1864-d67a-40e3-a3ca-dd74ea8dbe97
3999,********************,dff74583-e49a-4d14-90d1-fd3003a0dc57
4029,! ZING KEBAB POP BOX,7a9a5574-c9a0-4e75-9dfe-f32ccc31740b
1044,! OC TOWER CMB,9705e9a7-8027-4186-9653-d86b7f3732bd
1108,! ORIG BOWL CMB u,b81fb36e-6a08-4814-8113-15846703ff82
1058,6 PC H&C CMB,55d42397-1c36-43ad-8a27-2ad7dcf6d8a5
1106,! ZINGER CRUNCH C u,b7b8723a-0dc8-4b0b-a6b0-cd45f2d2c467
4037,FLG BOX,a9c59e4e-564f-4751-ac0a-b633fb05b28b
4101,H&C ZING BOX u,65ed5e64-8507-4f0d-ba1e-9ad2272fb3b6
1104,! ORIG CRISPY CMB u,2233d055-ac91-4836-8da3-1aa058200abc
8040,MEGA BURGER FEAST,343eb3bb-e174-4a81-b778-dd61696a1e55
7051,CHICKEN LUNCH,7466ff47-4678-4ae4-8ba6-5ffcb28bca87
9502,POP NUGG FEAST,78154691-167b-4318-8059-5738d61e6895
7007,TWO SLIDERS,85c318a2-72a7-4a06-b327-562e45d2b42f
9060,ZINGER POP CMB,c1732597-2ab0-41de-ae5b-4d114cfbab83
8001,SUMMER FEAST,3d11b554-16e5-41b3-8f6f-37e563dee97e
10000,Chicken & Chips 20+,934603ae-26e1-4403-b906-4866b57187e0
4106,ORIG CRISPY BOX u,d0aee997-4211-4003-8596-7b123971f49d
1121,! KIDS POPCORN u,345952a3-6cf5-4fae-b1af-4a6f383c3438
4016,STACK CHEESY Z  BOX,1125c39d-2926-432b-8ab6-e62c32eb64dc
9064,BONELESS STACKED PK,5478527b-eb3d-4062-b662-6b623fd76ea2
7122,LOADED CHIPS ft  POP,ada89ab1-8c0c-47ee-a37b-c603a1d2bc45
9040,SUPCH LOADED BOWL,e82e16ab-b87b-4778-b812-2b73382c7903
1002,ZINGER CMB,ed3658c7-fbe2-4448-8e7e-379819b5cc64
9039,CHEESY LOADED BOWL,93e0a327-72d1-42d7-8a1c-a1d079740d28
8037,MEGA BURGER FEAST,3c196af2-6a88-4dd5-b811-adcc2a84c13c
8105,VALUE FEAST,0361d228-5437-4330-bfe0-8a64de59e760
1115,! 3 PC H&C CMB u,7964e2e7-2f64-4bdc-9b9b-d39039dac5a5
1026,3 PC H&C CMB,669137d5-e813-4306-91db-27d44319cf86
1031,KIDS SLIDER,19da0a78-4955-4399-863e-062b147b0848
1046,TRIPLE STK BRG CMB,cc10365e-4236-4ea2-89a3-4350114b927a
9071,ZINGER H&C CMB,566c9dfa-e5f7-4c82-bc02-4c73a6b413bc
7020,BUCKET FOR ONE,5da58d2a-3d57-4be2-802b-de44639e759e
9054,GO NUG BUCK GRAVY r,ab6f66f0-63c4-484a-9717-ae020cc34556
1103,! ZINGER STACKER C u,4daf4a44-357d-4f64-8319-b98c1532a01a
1059,POP CRNCH BOWL CMB,96a53d23-e907-4504-9c6d-328e23e30268
1009,ZINGER TWIST CMB,a491c4be-2f20-44f6-a05a-2a23a57edcc4
9015,DOUBLE CMB,22305ed5-3c26-4625-97f8-e1a859c8f1dc
1015,MAXI POPCORN CMB,7fa2f6c5-d2c2-4d84-8e2d-b9fcdc078a8f
4007,BRG ZNG CRUNCH BOX,ad94cbef-d6a2-4fc0-adf3-36826d479a53
4102,ZNG STACKER BOX u,338f5b2b-c945-4951-b425-ec21348b5207
9038,COOKIE & CHOC,8081c5a9-d815-4ebc-93f6-cab97957c18b
9055,$9.95 WICKED DBL ML,18366eb7-6193-4eb9-bcf4-8e6d76376521
7016,WICKED WINGS FST,3e5ec596-8a0d-4c54-9963-fe15cc5e77aa
1038,KIDS POPCORN,9ff16e50-f377-49ed-bd12-25f80a89ba17
9020,$11 DBL TEND MATE PK,aec2bce1-0278-4a61-8f89-aade177b1baf
8008,DINNER BOX 10PC,6ffffbc7-ef82-4ced-9420-dc15d0df0575
7015,6 WING R/CHIP,b029de60-5b7d-44ff-8491-5f35fcacaa7f
1023,10 WING CMB,4a49fecd-b6c9-4ce3-801c-d851f24c95e9
6000,Ckn 2SideDrink Box,2a6581e4-974a-49b5-896c-d3766047568e
9516,! LE Add on Drinks,53d428c5-0af7-45c3-86da-48f0d8ba9dd1
3002,10 NUGGET CMB,9321290a-4965-4b8e-9de4-0b67b1fe909b
7100,*******************,5cf543b3-734b-4840-91f0-95edda44e839
8050,BONELESS DINNER,287f458c-5745-4bd3-8593-09b3dd80522a
1021,SNK POPCORN CMB,987ebb02-9b46-4dc4-9fa3-53795d012912
1028,1 PC CMB,882861ee-8706-4892-bf2f-bc92e1c3e2df
1109,! REG POPCORN CMB u,e2f18983-7c0b-497b-a202-bc4423ed054f
1063,! ZINGER CMB u,f273675e-8425-4544-8e5e-147f7cee9afc
9045,OC BURG TENDER CMB r,e222e661-c79b-4fa1-948d-7a6cc85a82cd
9066,$15 KENT FEASTER,3449eed5-bd6e-4cce-b4ec-05c10096f917
8007,DINNER BOX 6 FLTS,5c0604c9-bb40-4212-8b77-87d55c0e081d
8046,9 PC DINNER,3ae087fd-5537-4166-a207-d8920b220999
1008,ORIG CRISPY CMB,55fa31ef-94d3-4697-a8bd-226d6ce8757f
7017,2 ZINGER CMB,8368ecd2-3a21-4691-b14b-98248a054624
9503,POP NUGG FEAST,21caf9ee-ae8f-437f-a0e3-bc19e10f8df9
6101,3 PC BOX u,adfea6a8-b9c1-4edb-b63b-cd6d6c19cf81
7010,2 DBL TENDER CMB,4d524eaa-cdad-436e-8589-a6d517e669fc
1053,SUPER B&C ZNG CMB,52905070-5932-45fa-9439-168ea7254278
1119,! OC BQ STACK CMB u,ac74f4d6-e5be-4931-9797-8a5e6e831f59
7999,*******************,bd402216-dc13-4e95-b15a-657e20c1444a
7009,20 NUG 2 R/CHIPS r,ff09cc17-6dda-4818-acaa-d3772b5c0c36
8052,GIANT FEAST P App sa,40715220-56f1-4557-b496-4f2d664b087b
7011,2 ZNG MOUSSE CHIP,50d3ec2e-bdfb-4822-84a3-2f42a2625c24
8000,**<Shared Meals HE>*,b5028f43-9892-4c77-b9cc-6aa1baf3441e
