Name,POSNumber,MenuItemUniqueID
PPrfdy 1,9002,58f7f5a9-6928-4fc9-8c81-12aa23eeef1a
PPrfdy,9003,efb00f47-269e-4ca9-9bec-411db1a99ad5
PPrfdy 3,9004,680e6bac-5f4a-4901-bd97-5eb6260c3dcb
test210126,9005,b1165ad3-0a9b-410e-aa53-0c33230f70b6
PPrfdy 10,9011,e8019a2a-1e4c-4f43-81fc-c259f04f08f1
PPrfdy 11,9012,99a8dc43-9170-493a-877a-faf0223e9cee
PPrfdy 13,9014,0aa10a85-254b-49bd-9420-0d0d5be1428a
PPrfdy 14,9015,30b49801-7f2a-49cb-85e9-bbc074ca124a
PPrfdy 15,9016,8450d684-9b9a-4980-96a0-817bc7b5ae4e
PPrfdy 16,9017,0bf8cfaa-05e0-48ec-ba34-1d5f25cf0459
PPrfdy 17,9019,a00850e9-2068-47c3-a2e1-377500373f0a
PPrfdy 19,9020,5ebd9421-41b5-4eea-aad1-cdff1e1e083f
PPrfdy 0,9021,fb5a8ad6-fe23-4a3e-b724-c32fc8a57760
PPrfdy 4,9025,fd3725e1-9b93-4dc8-aac8-233aebe705a0
PPrfdy 30,9031,470b7748-dff7-429d-b8f6-d70ee078b783
PPrfdy 31,9032,cd56a2a0-c1d3-4b24-813a-03210d8abc3c
PPrfdy 33,9034,be0e2192-d02f-471f-9a12-1d94e014b62f
PPrfdy 34,9035,94e0e57a-acdd-4393-a3c3-ba3e13d3367c
PPrfdy 35,9036,1c4a94bb-afa4-42ec-9985-39bc3b23008b
PPrfdy 36,9037,e5edd364-5627-43d0-81cb-2616122235d2
PPrfdy 38,9039,5814ef9e-832f-42e7-a42c-773df3748fa3
PPrfdy 39,9040,1090825f-bc79-43e1-bfc6-03f916d57208
PPrfdy 40,9041,195870b9-9e2f-4e0d-a154-d9f2728b4a83
PPrfdy 41,9042,de4048b7-5d3a-4566-b0bd-7c42a7a43a97
PPrfdy 43,9044,067c77e2-c1e9-4768-aa95-51a661a82157
PPrfdy 44,9045,09fc71e4-501b-45a0-9365-0829e630551e
<Burgers>,100000,c7c8b054-2740-4199-b116-4bdd53edc86a
---------------,100002,55d0673e-2e4b-4cc8-8c2a-bc1cd4d64dca
Make it a Combo,100040,50b97887-3d91-4a59-8e72-be0da60baf8c
SuperC Zinger,100041,060b5117-1cbc-4660-b414-49795a7d1676
Fiery Zinger,100042,e19d70f9-cc95-46c1-96ed-f860c2e31716
Double Fiery Zn,100043,ab1d7ea8-befe-4cf2-8911-faed843477ea
Dbl Fiery Pine,100044,a3cbbd10-e4b9-4da9-865e-a07b051228df
Fiery Pine Burg,100045,84ea13cf-b38b-411e-8a67-a5100cc9d76a
Philly Chez Sub,100046,785da960-7d0e-4fce-a124-27dcee4e6b8c
Double Tender,100057,6ae00aaa-af72-4412-b47c-8aa7801a8711
Z Chipster Twst,100059,54c504a0-26df-4cb0-be7c-72ca4a8926b4
Double Tender,100060,68cae0c0-a502-4ed4-91a4-96fdcc597f71
Zinger B&C,100062,250a0c24-a4ac-419c-9406-169cb0e8dace
Tender Crunch,100064,16f4a071-86ae-4077-9867-5bb2cc2be97f
Zinger Crunch,100068,cbd0e007-a727-4aff-9ca0-d0f39611a836
Zinger Burger,100071,bed56b03-bce7-41e6-8e94-ed71869ae1c9
-------------,100077,3cd7c02f-e773-4d47-b2d6-93660846521d
OC Chipstr Burg,100079,1c727268-1785-4d25-84f5-691816d32af5
Orig Crispy Bgr,100088,10ea8948-17f0-47b2-bdba-df649d7082fc
OC B&C,100089,7b8459a5-3ff6-4a05-9af1-8e3f07a4a1e3
OC BBQ Stacker,100090,15a98dd8-ab3c-4877-984c-c72f7cd76904
Orig Crispy Bgr,100091,4c6eb056-c391-4665-951c-f3895314312a
Orig Crispy Bgr,100092,d0799b92-ba93-4735-8e76-862eef7b7832
Zinger Burger,100250,398b826b-603b-47b8-b6e0-6a7405cae74d
Zinger Burger,100251,20974175-733f-413d-b2d5-544ee9678177
Zing Burger $5,100252,93e69abb-2f28-4531-a893-d5af0f995b7a
Zinger Burger,100253,53ac8542-c96a-4708-8dad-d6260f11e315
Zinger Stacker,100260,49ee3ceb-d05a-4101-8c03-fc76dd0765da
Zinger Stacker,100261,0bacb1d6-c69f-4b67-a68d-3574c0103475
Triple Stacker,100262,9622e4e7-c9ea-42ed-a5b8-674d6a4b1e82
"Zinger Stacker ",100500,27f31039-a585-4d88-83d5-54db61e96fc1
Double Tender,100501,718e1747-c1ee-41b0-9245-483a4ef16cbe
Zinger B&C,100502,5e12f6c4-3301-4d11-b4d2-a6472ad0dfca
Zinger Crunch,100503,5d5cdf37-7ff6-46a3-bb67-0d4187b69c37
Orig Crispy Bgr,100504,d0d87af0-d78d-4ff3-a28c-27aa9d05b3e8
OC B&C,100505,6741551f-7433-489b-b4ef-8a9eeef2877b
OC BBQ Stacker,100506,0f25abc6-7144-47be-974f-992f4338e0f7
Zinger Stacker,100507,d41d7db2-bbb0-48c2-9115-9ac5d741c7d4
RPA Burger,100509,bb95824a-2dc7-423e-ae39-e39e77a6583d
Test Burger 02b,119900,398d88cf-1c5c-4378-b18d-86163ffc361d
Test Burger 03,119911,63683a65-6ba3-43a5-a546-f84d2578df97
Test Burger 01,119915,5e376fe4-d1e8-4176-92bb-5289ca239d83
6 Nuggets POC,119916,e7a064b5-46fd-4cad-ae75-8ef5f0c63c09
10 Nuggets POC,119917,42343596-6781-447b-82b0-7f73d9fb3396
24 Nuggets POC,119918,a1647bdd-5ed3-4977-962e-4486f683f012
Mt Dew Freeze,119919,9c7d42d9-6b28-492a-9664-bbed53b0b75a
Raspberry Freez,119921,c6b60dcd-ac0a-4447-b23f-a6681d2d4e1c
RPA 23 Pieces o,119922,e1704340-fc7b-4561-9b12-b0cd6a2779df
_______________,119998,a7db128b-0e5e-4ae1-a0eb-13c26e73e2eb
<Twisters>,119999,3862fc33-ce34-447a-8c02-901c119a7235
Zinger Kebab,120001,889c31c5-7d24-43f9-a265-8d442f3ade2f
Pepper Slider,120002,0b2f7c96-ad58-43bc-9d48-1e91a9096a66
BBQ Slider,120003,54975bd3-aa54-4ebe-9d80-14bce7f8305d
2 Cr Zn Sliders,120004,2b144c46-e17c-45b1-8e34-19e2ff8de6d2
Pepper Slider,120005,60dc087b-0e18-4c28-a3c0-efd8f161cefc
Pepper Slider,120006,e2991796-e370-4110-bd9b-c98f6d49c2c5
BBQ Slider,120007,dea5f635-85d9-44dd-bd1b-c476144943b4
Original Twist,120008,df7e6ebd-8f9e-4541-ba6c-5e46d07d4ee4
Zinger Twist,120009,ee55a1ad-bb10-4e26-963f-7bb2a1a546b8
H&C Slider,120010,1fce3c9e-7402-40c9-832e-3645796652d8
BBQ Slider,120011,a6456bbf-6678-4bdf-b3f9-f2dbd2d6d024
Super Slider,120012,6c3a9565-876b-4ff0-98b4-b3a7ebcacd6b
Twister Fiery,120013,8e01ff34-6ac0-469c-95a3-1a88037d5d04
Super Slider,120014,4b1f483b-95aa-43f6-81a2-cb2db006a506
Zng Stack Twist,120017,a2cb312f-c9ea-4e4d-a3b4-617ca97b6dc6
Jumbo Nachos,120018,af95989d-83f8-4b96-85d5-08d19300e0fe
Super Slider,120020,1300a56e-c35b-4f2e-b0ed-ea44e8b8b580
Nacho Twister,120021,69368c4e-e40b-45d5-9da6-0b7837c8bff7
Zinger Nachos,120022,34d7dc97-d219-4581-b34e-513052df0cf9
Nugget Slider,120024,5cb2174b-28ca-41c5-b15a-f5d1feb1061d
Zinger Banh Mi,120025,591c649d-aab9-4988-a091-0058a04d97fd
OC Kebab,120028,1cd22ea5-9aa6-4e29-bb32-0448df82a434
Original Twist,120029,77d30223-ae45-41b0-996a-18a2f3263832
Zinger Twist,120030,52677bb7-e01e-435a-b5cb-b6753e633ed8
H&C Wrap,120051,f297b834-a7c1-44f4-8d9e-e8e267b37b0c
Pepper Slider,120052,4d483316-b008-40b6-a027-7d5b297479dd
BBQ Slider,120053,3008ec30-23dd-4637-822a-608d978c564e
Super Slider,120054,68685836-8fef-4b46-a94b-f2eeed30f001
Pepper Slider,120501,b5272134-3753-407f-82cb-0fe2d6640048
BBQ Slider,120502,dce12dfa-5069-466e-962a-a107a7711fb1
Original Twist,120503,48c3e27d-0334-41f3-9232-33cd9147884d
Zinger Twist,120504,21817817-3c9e-4be0-b7c9-229df4a79e70
Super Slider,120505,a2ba69a5-f477-40e0-9318-e5f941ae814e
Test Twister 01,120506,3f5d82f6-2ed2-4e9a-a752-9d7f28bde512
Hot & Spicy Bre,124324,9cf1c2cf-ceea-493d-932f-ec06b46bab2d
_______________,125000,17b6a6f8-fb58-4bdf-9973-1d5920c4909f
<Breakfast>,125001,99b7a3e9-27db-479f-82ed-b89c3403ddc0
_______________,136000,e1eb4afe-d574-4bf9-ad79-3dc3627cd5e4
<Sides>,136001,97eab7e0-add4-4f64-b5bd-455b2ae56768
4 Reg Sides,136002,6d773fc9-eb4b-4f17-bc6d-55cd76101b6f
Cup Chips,136003,0fa0cf0f-7a40-4b6e-8fe4-95f22811e891
2 Prpl Cup Chip,136004,50f64c2f-9985-4043-aff6-f5524c703cf5
Reg Chips,136005,d7f4c90d-fc9f-467c-9c98-2a32d3ac7c58
4 Reg Sides,136006,5de43c54-d4f8-45ca-8680-97e9ddb07de5
Share Pk Chips,136007,3442da87-be48-45b2-b3a3-1320297ff90d
Portion Chips,136008,7c475574-a0e3-49ec-aa2f-f73ada2c19a5
5 Large Sides,136009,cd2f5981-3f0f-4faf-9cc3-57c32e95f58e
Lg Chips,136010,22571445-3e85-42c2-9bdc-364c09c10743
Upsize Chips,136011,b8103aaa-a0ef-48a2-8b73-db7a027cdaf9
8 Large Sides,136012,0f8d0bb7-f236-47bf-96ff-a3c79518e021
12 Large Sides,136013,19c63e4a-d607-4275-9ea4-e6ac67bac726
18 Large Sides,136014,1d24711c-4234-43e5-a4c9-830d704db3db
Lg Chips,136015,247a90ef-d4cb-49c5-b4b7-1d5aea9b0f4c
Lg Chips,136016,02947a0e-b1f2-4909-b58e-d5bbf6e4e4db
Reg Chips,136017,c1842f21-2d7e-4acb-a0ef-6215081e4fb8
$1 Reg Chips,136018,c5e4f9c5-6007-435b-8895-f913665e677e
Pineapple Fritt,136019,01245371-3645-4a3c-99ee-a5a6b81c0793
Lg Chips,136022,495d5688-4f8b-4ad1-b321-5ef82825bb0a
2 Cup Chips,136023,b01f2236-e089-462c-a498-d53918e75d6b
3 Large Sides,136024,9c08b0e7-8a02-4704-b3d6-b2bcaa903604
Reg Pot/Gravy,136025,4ae2becd-e5e6-4f87-b699-a5f884d8d3c8
Gravy,136026,22f262c5-a0ae-452c-8170-75b0ab35f53c
Lg Pot/Gravy,136027,f749f20b-8fb8-46c6-832c-e0698893ec12
Reg Pot/Gvy,136028,350653e4-cea7-4c86-a089-fd251867c941
Reg Chips,136031,72c4356c-e2d5-41bd-b9c1-6dbadbfee82d
Gravy,136034,76a27ce6-ab6e-4c0a-a4c8-bf81b9053540
Gravy 2x110g,136035,465a4d20-07a1-486a-a96c-b85ec34cd7d2
Lg Pot/Grvy,136038,30fa30b3-ca3f-495f-badf-cfc0c165944e
Reg Coleslaw,136040,8a1c25b5-83aa-49df-88fa-a9abb52d08c4
Lg Coleslaw,136045,1e2445ec-c7ed-45f0-97a9-999daa2f121f
Dinner Roll,136046,03519b6b-7fd1-4d9d-b9b2-a27da30ae284
4 Dinner Rolls,136047,c0181ba5-1aac-4b4b-ab03-47b110d8bded
Dinner Roll,136048,2ce2aa12-8216-41e6-bfee-82deeadfdbb0
Choc Mousse,136050,4454d558-0a84-4a02-9c22-99df9a8fb929
4 Dinner Rolls,136053,da7c91d6-1c8a-4053-bec7-c9c7c139dd72
Choc Mousse,136055,b135cf7d-1fa6-4ce8-8bb4-00ee93119b5c
2 Choc Mous,136056,7c2106ca-2882-4276-a9af-49fde50bd093
Reg Gravy,136059,e818b809-ca4e-4d60-9ee9-777321297d14
4 Rg Coleslaw,136062,1cc73440-e8a9-47fc-b3f2-f869482c86ac
Jalapeno Bowl,136063,f5ed9e73-f950-46be-960d-de6cdbb22894
Jalapeno Bowl,136064,1c0c55ce-1ca3-479b-85fd-99ebac11f647
Original Bowl,136066,5f8eb103-2f30-4a45-9d15-843dbd4c5927
Zinger Bowl,136067,f48eb0a0-ab81-45a1-a760-9ce80f61d8e9
"Zinger Protein ",136068,e5e15ba7-88bb-4639-87c3-e0a1c780620b
Lg Coleslaw,136072,8004b8d7-14fd-413f-a565-6edc515998d2
Add 2 Sides,136073,0e45c6af-7a0f-4fdc-bc2b-b11eef0d3fba
Reg Chips,136075,a3aa8265-12f6-4d0d-b13f-0cc132dd76a7
Reg Pot/Gravy,136076,5a1ab798-3d7c-461b-a3a7-8e43a8579d90
Reg Coleslaw,136077,eb5238b6-2e87-4ebc-a2fc-db8937eb9ad3
Gravy,136078,5087522e-a8ec-4313-a00c-bd2b091aff7d
Dinner Roll,136079,d91c054b-28f0-47fa-8d7b-0ca10bb47f32
2 Choc Mousse,136080,515bf18c-2078-4d38-af67-fdfb09138c53
Lg Chips,136100,b4558f45-ab6f-40dc-935f-1d67c844ac18
Lg Pot/Gravy,136101,6388121d-7065-47c5-b167-b9da21bf50a8
Lg Coleslaw,136102,c2b87b19-b9fc-4959-adef-a1d683ee5794
2 x Gravy,136103,fb351ae1-b38e-4fda-b0d5-17f2e69afd1c
Dinner Roll,136104,1e2cd3ef-9e65-4e70-9d69-b01183b15f9b
Gravy,136105,efc95a53-7c79-4595-8119-a4c18cae6581
Reg Chips,136501,e8b7cea5-7538-4efd-bd6f-42554a7279e9
Lg Chips,136502,a9677382-f933-4c34-af23-8abd0ad35202
Reg Pot/Gravy,136503,ef7288fc-53cd-4244-9e6b-4c6145b61a01
Lg Pot/Gravy,136504,912e0c04-329c-4cbb-9836-021e995b63b6
Reg Coleslaw,136505,deb3e400-4c94-4cc9-93ef-85ab76540e21
Lg Coleslaw,136506,e8beafdb-fb19-4504-9c11-2346f535cd58
Gravy,136507,42f64951-a003-4120-b133-9e57391deed9
Jalapeno Slaw,136508,2e9fcebf-2c3d-436e-8166-c4f6ceca52e3
Dinner Roll,136509,7537d22e-3538-4437-b0ee-42d5f14bdd01
Choc Mousse,136510,462de0dc-7f1b-41fc-a34c-e88ade81680b
4 Rg Coleslaw,136511,16763a46-e846-4ff0-97ed-cd0bf43ef7b0
Original Bowl,136561,82c7975a-9d75-418f-a43a-ab3bc3737b9e
Zinger Bowl,136562,788fa429-9d19-4dc6-afc6-ae1394bdbe0e
Test Side 01Chi,136563,e7562836-b3f8-42dd-a58e-804c77c32722
Regular Pepsi M,140555,edc3cafb-d8be-495a-9c02-28dc2482b066
Large Pepsi Max,140556,a026004a-df26-4a95-b38b-482b638d0e40
_______________,141000,a4d33aea-273d-47a9-8cd3-a15a49a152ec
<Drinks>,141001,5ccebc71-4609-43bb-b456-e35a6cf31476
NO DRINK,141002,ce013012-bd6b-4f8e-b160-f6f5bd4803a4
4 Reg Drinks,141006,416ab4be-7125-46ad-b43e-92538b72c26d
Reg Pepsi,141007,595e7051-6935-4d87-be93-413f6b6aa71b
Upsize Drink,141009,5b9cc597-6200-4643-8779-a65d6771e264
Lg Pepsi,141010,c8162315-6a83-4392-9e87-c457cf05aa24
1.25L Pepsi,141011,333fc229-f882-49ef-8264-66669a2b7673
Up Chp/Drink,141012,5b034210-b4e8-4152-84e0-ef55e7a6df5e
Sparkling Water,141013,a5001b2c-2d41-4489-8445-e9554d5206dc
1.25L Pepsi,141014,3e4c24ca-5f22-4815-9087-f3a4ddf9b726
Reg Sunkist,141015,d4e5931a-af8c-45c1-9532-cea34abcce1c
Lg Sunkist,141016,59834a0b-45f6-46c7-838f-174c8480aa06
1.25L Sunkist,141017,48208e41-b71d-45a3-b24e-d1b98495426d
NO DRINK,141018,4976dbee-0bc5-4165-a9c7-9f1b4f50a416
1.25L Pepsi,141019,405499e6-f880-49c0-8e0f-370bf4c5dc13
Reg Mt Dew,141020,060e8830-91bf-4842-926f-8777f132af19
Lg Pepsi,141021,41ea2a01-619d-4dd4-802c-8717e61df402
NO LG DRINK,141022,9348b4d3-1912-4a65-ac61-86894b1fb419
2 Drinks,141023,1e9de590-761e-4d90-bb39-ca2ed40a5d91
1.25L MtDew,141024,c904caa5-15cc-4f45-a7c0-598e8bc8bb35
Lg Mt Dew,141025,46150c2d-f6a9-4941-a1d9-89ad6a420e0b
1.25L Mt Dew,141026,54ed91db-cc1b-4f3b-9cc8-d0db326df8ea
1.25L MtDew,141027,4f54f671-2f5b-4bb1-8bea-d092e6a64c30
1.25L SunZ,141028,1745da28-6900-46f0-b344-63e9eaac9ada
1.25L 7Up,141029,ab7cefdd-0fab-4fdd-b15c-639dee218015
Reg Solo,141030,5f247e7b-0c0e-4245-9737-41145be9be71
Lg Solo,141031,ae6fc857-f10e-4da2-94a1-583a03a1d0f7
1.25L Solo,141032,42b1c068-3e62-41bd-add1-1b25badd738c
1.25L Solo,141033,acceccb9-b210-4ddc-a6fb-d86dd05d99b2
Lg Solo,141034,ccd883dc-1f10-4cc7-9230-7446ef123d74
Reg Sunkist,141035,3aca7c12-f9bc-4a2b-baa1-7f333b81fbcc
1.25L Sunkist,141036,1fe8cee9-a518-4d2f-90ae-3c3286730139
Lg Sunkist,141037,23ae19b6-7107-485e-a5c4-8ee86acff75f
1.25L SunZ,141038,079715f5-d04b-48d0-8ea8-7d632841e8c8
1.25L Solo,141039,f358a6d1-f3ae-482c-84e7-6396228920d0
Reg 7Up,141040,82963539-891f-4df3-b56d-fd305f00e3cb
Lg 7Up,141043,33e2c20b-b44d-4312-a0c6-baf56f04c7e2
1.25L 7Up,141044,c2f465ea-95d6-49bb-916a-6a9ba18c3f45
1.25L 7Up,141046,7da160e4-6735-4c5e-a0c0-8379e8d7df6f
Reg Pepsi Max,141047,51ba9f0d-d279-4885-96d9-002dee9cb228
Reg Pepsi,141048,b3958a82-4db6-4202-a689-af703abfc473
Reg 7Up,141049,143274da-9cae-46e1-8288-c533ae2b902b
Reg Mt Dew,141050,f85ec684-b4b4-45ac-ad6d-55a6323bd27d
Reg Solo,141051,35959837-5d7a-4110-9f90-75518314f30a
Reg Sunkist,141052,21cf82ca-1baa-4cf8-b6ab-ebff7018a8d1
Reg Sunkist,141053,cc61abb0-d79b-469b-a8be-cf3e525f830e
Sparkling Water,141054,c698bce5-c67f-4d61-849e-6a310107809b
Reg Pepsi Max,141055,81751e07-2921-445d-af98-89b0cd5d46c4
Lg Pepsi Max,141060,a4967c4a-9664-4cd8-86d3-4bafc028b493
1.25L Pepsi Max,141061,c4c8e9be-6813-4058-a08f-3767cbdd523c
1.25L Pepsi Max,141062,3bdb3d21-fbed-4065-a2b0-60c55109f36c
1.25L Pepsi,141063,5991c45a-3334-47db-b455-b348a283bd64
1.25L 7Up,141064,1f0baaef-20e1-4e8f-a9ad-8d71333e383c
1.25L Mt Dew,141065,a1177d69-7817-42a2-bc74-95352b93bf77
1.25L Solo,141066,97a6a16f-9b61-49d7-b1be-567e6aa82c80
1.25L Sunkist,141067,5b7645ee-e3b7-4ea8-943b-a1ba5f7043ab
1.25L Max,141068,efe47a69-ef6c-4098-af53-3126a9be8eea
1.25L Pepsi Max,141069,cbc843a6-3ae5-4446-a917-36d5753e1bab
Water 600mL,141070,36cf404a-8e0a-4417-9e8f-b699a66008ae
Water 600mL,141071,3b199b41-aef9-461e-a11f-cdaeb8859794
1.25L Sunkist,141072,09541e2e-1748-4115-8194-3b8d4688d8a1
Lg Pep Max,141073,37394a21-bd62-4a48-b567-e8a0f94bd370
Orange Juice,141075,c7020584-d53a-4700-a6a4-1c8e8a5fd443
Apple Juice,141076,008a75b5-6173-40c3-83f1-152f9e65d8b2
Apple Juice,141077,d37c85b0-2eeb-427d-acef-4703dc9fef4e
Kids Pop Top,141078,8200922b-b4ab-4db2-a3a0-70feb2683863
Lipton Iced Tea,141093,e8ba238d-b9ff-457d-abfd-0c3d96d5a8db
Pepsi Freeze,141099,a566c69f-28e3-4775-adaa-b5e85acd0c5a
Dew Freeze,141101,c8ca32a2-e640-4aef-adef-5aad646ca3c4
1/2 Pepsi Frz,141102,da9f1cc2-a346-43b6-9c55-b823a3dc1702
1/2 Dew Frz,141103,470ca9f5-e0bf-46aa-a8e5-d4cf3d17c18a
Extra Ice,141105,729fbe1f-f443-4023-8dc2-fc082baff662
No Ice,141106,beecaef8-33f2-4e74-91a8-7d009953e43d
All Flavour Frz,141108,c66318c0-23ba-47ee-b8c5-a2327b200001
Rasp Freeze,141109,def6e49c-96b0-4a56-8089-66526a05f812
Lg Pepsi Max,141110,e4886049-f54c-4d38-9905-acf4f3a1b284
Lg Pepsi,141111,d6ce3f93-127e-4ad6-8f71-d1b4e4352f1b
Lg 7Up,141112,318e4a5b-118b-4104-9c88-79f29a1c3df2
Lg Mt Dew,141113,9b047bd0-c325-4928-bba3-3947df566b37
Lg Solo,141114,cfb6f8cf-006f-488c-b224-1efc380ed75e
Lg Sunkist,141115,6057f2d3-babb-48a2-82bc-08a199f7ce77
1/2 Rasp Frz,141116,0a679296-f0a9-4943-91bb-c3033b10b62b
Dew Freeze,141117,7adf63a2-1169-4429-a137-b48e66be3956
Pepsi Freeze,141118,dbdff92f-af64-4b26-8b24-884b8222552b
Rasp Freeze,141119,fbfa2969-8049-4a66-80a4-2942153d3740
Pepsi Freeze,141120,472413f0-f9ec-4949-bdb3-b959c7e2bd09
Dew Freeze,141121,695ee01c-6e30-481a-8a9b-f0242b4bf532
Rasp Freeze,141122,0c38b9f4-a1b7-4f55-8ffe-e4817bb5c9e8
Pepsi Freeze,141123,d6a49082-6a92-4941-9654-95d16ca1ad92
Dew Freeze,141124,12a98629-0507-4dd1-ad19-8828d4a93c06
Rasp Freeze,141125,2e2de3e9-e6af-4a54-a2c7-613bba887b6f
Lipton Iced Tea,141126,6ffe781e-1928-470b-bc24-24b9ebdf45c8
Reg Pepsi,141501,cd889a83-02c0-4f47-aa32-d849ab7efa35
Lg Pepsi,141502,a757cd29-93a5-40bd-ad40-e5476d5b000b
1.25L Pepsi,141503,bbd5bee0-a742-4918-b0a9-080309b593e6
Reg Sunkist Z,141504,562e2ab5-40bf-43ec-a834-a56b28cd3ddb
Lg Sunkist Z,141505,0cfabad5-fda1-4b36-960e-7a77f1b9067c
1.25L Sunkist Z,141506,dc7d88b1-e78e-436b-87a2-680f10843c0a
Reg Mt Dew,141507,318b5184-c86a-4871-8928-5e0bc0b99315
Lg Mt Dew,141508,34ac3ffb-c727-4d87-a34b-edcd508ecc08
1.25L Mt Dew,141509,f465582f-ef7d-40dd-abf2-ebf3b29958fa
Reg Solo,141510,66531ea5-b6d9-499c-93bc-efad26fb670b
Lg Solo,141511,46990ec3-a13a-42ea-a362-957fed2ebf41
1.25L Solo,141512,bca75fd6-7a01-4fe3-9fff-b58f6aef7a58
Reg 7Up,141513,c4c28c68-5fe3-459e-a46a-d89f2df00c78
Lg 7Up,141514,1fc0fb4f-47e8-46f3-b5c7-3247c584fc60
1.25L 7Up,141515,07abff32-4dfb-468c-b30d-08607245af58
Reg Pepsi Max,141516,debd0137-f1e3-41fd-95ca-5f02d9029f3a
Lg Pepsi Max,141517,69361086-1cb5-4d9f-b222-4f2f6b62fbe5
1.25L Pepsi Max,141518,50bae2ab-e3d5-4058-959a-c64d30486524
Water 600mL,141519,b4867316-8f93-40c4-8047-6363b47246b5
Sparkling Water,141520,73f42115-10a2-4aad-a225-341aee9a8f14
Apple Juice,141521,39bc51a9-b3e1-4c75-aec4-d01b44a53d0c
Lipton Iced Tea,141522,cb85656f-ac02-4574-bd81-55732b0bce7f
Reg Sunkist,141523,4c47085f-f5eb-499c-9cc0-11116e42d98f
Lg Sunkist,141524,e899bd08-6495-4641-8865-a8d89512944a
1.25L Sunkist,141525,8758ae5a-9cae-44b8-8ef2-848977234b73
_______________,144999,b5f1085e-be21-47e3-aa84-1b20b546d6cc
Kwench Drinks,145000,4ffac52f-63df-4c2e-90ed-09878a184518
Lemonade Sp Man,145001,eb1aad11-9e98-4962-9441-2e8521c632b5
Lemonade Rasp,145002,11667f4e-ae70-4509-b59f-472dec9a487d
Iced Latte,145003,2322ff07-49e8-48cf-bceb-75d024ab295a
Refresh W/Melon,145004,4a72fdf9-c3f3-41b1-81c9-1754aa2d668c
Refresh Cherry,145005,605506a0-6fdd-4aac-a334-e668da231b65
Shake Caramel,145006,1cf1de22-904f-4a98-bc14-631f212e1d9a
Shake Choc Krch,145007,9d1a706b-1997-4a61-877d-85c33eb2579f
Shake Coco Mang,145008,2122944d-0428-4659-9857-0ce37c938f53
Koffee Mocha,145009,cc0b9eb5-75d1-4885-af04-d03f4abed98c
Koffee Caramel,145010,5fff00cd-f36f-48d6-b4ac-713b3cef8bcb
Lemonade Sp Man,145011,3e8e5c04-6737-4ee3-ae8d-5962ae142033
Lemonade Rasp,145012,8def4bfa-4a5b-48a1-9805-1347740aaff5
Iced Latte,145013,2c2980b1-f345-4f08-8c20-faee7f7f9aeb
Refresh W/Melon,145014,7b49576d-e9e8-402d-b9bd-43338156628a
Refresh Cherry,145015,ab101916-4df6-424d-9534-d2cbcee13a1d
Shake Caramel,145016,05be8ac3-7e01-423f-bb34-d212dfdcb562
Shake Choc Krch,145017,5af024cd-4add-4c04-97e5-5788e06afe54
Shake Coco Mang,145018,cb3eebd1-eae5-4a3f-ba33-01a216bb3230
Koffee Mocha,145019,fe762bdc-8f86-4893-8854-24c7e9e50872
Koffee Caramel,145020,45640dbb-0f4b-415a-baf5-b8da15d3b720
*Choose Kwench*,145021,5320166f-962f-4b83-8ac3-ccd6aebb7b61
Pepsi Freeze Fl,145022,33857b63-ece6-466f-99f6-b8850389a5db
Raspberry Freez,145023,eb5829b2-2c18-4650-830d-c26ee4c0bf4d
Mountain Dew Fr,145024,52def7d9-bc53-40e6-a685-2e9e54943364
Sparkling Peach,145025,e03c220b-5de5-4728-b5cd-60922700f143
Lemonade Sp Man,145051,2123653b-2162-47cf-a159-3141d4db105b
Lemonade Rasp,145052,283702e5-d9c3-4180-b35f-b0b4a3369951
Iced Latte,145053,eff54b7b-76be-46fe-b222-dcdf2e6cf51c
Refresh W/Melon,145054,5cff6195-2419-49ca-bdb3-7e5841a1d8e8
Refresh Cherry,145055,1835ca70-9337-46a2-8f8c-5782afb1c313
Shake Caramel,145056,53002646-490b-48dc-b884-7940242706c1
Shake Choc Krch,145057,172a4058-059e-436d-b5c5-8c2c41fbffc8
Shake Coco Mang,145058,eb13ab76-33a7-4e3f-98bb-32e092462a60
Koffee Mocha,145059,cf7206a5-3a5c-4dc3-8d87-3e83067db942
Koffee Caramel,145060,b55c89a6-5843-44a2-ac81-2101c9950b1f
_______________,145098,be7285f3-8a4b-4662-970f-30d8d3caa886
Kwench Mods,145099,46f11e7a-ffe2-4eea-a4a5-5c8fd38a6fc3
Lemonade Still,145100,f921feb7-1145-406b-8734-cbf5f2dc7425
Lemonade Spark,145101,9d701d2d-063e-40b9-868b-b226be235524
Mango Puree,145102,4a0e1638-dfee-41bc-8e4b-f6d95d28c317
Raspberry Puree,145103,dff1abd7-d5f8-4f7e-8f46-71b3926291d0
W/Mellon Puree,145104,b5f3f04e-4d74-45c5-8150-a8bf9260282a
Morello Cherry,145108,a7aae034-8153-434b-9bc0-f2cbf180bfed
Hot Honey Syrup,145109,f684b5c7-c8a1-4f56-8acf-998c2db54e5d
Mojito Mint,145110,2c6e1507-2b49-4a69-83ee-916bd0d3cd7a
Mojito Syrup,145111,e43f4317-6ee4-4d47-8321-dc0e5c91421f
Caramel Syrup,145112,735d34b8-318b-4de8-81b5-d4638f82c479
Dark Choc Syrup,145113,cb459ea9-5395-4304-b09f-e683bf469efe
Mango Syrup,145114,4badaa5b-623d-4b20-9af8-cba475578d0b
Coconut Syrup,145115,74131c4a-26b5-4b91-8d6e-c72f8b3c1616
Dark Choc Sce,145120,834d18b8-1265-49ed-8b61-08a948b053a9
Caramel Sauce,145121,eca60ff2-5e00-47fb-8d3e-b4b387fb66cd
Lipton Green T,145127,5ffafa6f-556a-473d-96e2-1b69f9eb5ed7
Espresso,145131,d996e4f1-9afb-400a-9e45-8c0042f51000
Dried Raspberry,145140,cada9012-20fd-43e3-a160-b1aaccff41c5
Shred Coconut,145141,511ce395-362e-4ecb-a80c-b1fbefed1c61
Hibiscus Pearls,145147,f7611e24-731d-4cd9-b62c-0083f717130d
Biscoff Biscuit,145155,ca8bbe99-cf3c-4a06-b84e-5f3d9e2feea7
Oreo Biscuit,145156,541c841b-876f-4fd3-8a65-d10383c36606
Milk,145165,bb04e11d-44dd-41dd-9e8b-e26081e212a6
Shake Base,145166,61c64009-37bd-4ea7-84b6-152d49963384
Ice,145167,cfbddbf3-f20b-4087-a583-6a4df91dde2f
Regular Pepsi,145501,77112649-06b9-4f6b-8e14-16d7e15b6d1a
Large Pepsi,145502,f167d391-4361-411a-b6f6-009b9e34423c
_______________,169999,8adc975a-696f-42d2-a2af-9fd33bb24508
<Chicken Swap>,170000,97856b39-f7ad-4695-9b7e-58b88a01fd31
Original,170101,89ab6faf-3d11-4a56-b659-023c21ddd3a5
> HOT & SPICY <,170102,25001c13-59db-4210-9a86-1684314a2399
OR Leg,170103,94babc0a-4f49-4fac-9de5-55e799985ebe
OR Thigh,170104,f6a16075-2783-45d0-8ace-52e39c24fd4c
OR Wing,170105,57a437d1-2b84-4534-8d98-8e4e62acc19c
OR Breast,170106,6e94507d-3a3e-4103-883f-9c466d0dad32
OR Rib,170107,36a6bade-4174-4272-beb9-9d078531d201
HS Leg,170108,736989a0-8a16-4eee-be66-14b41c07320a
HS Rib,170109,1a73fc77-771e-45d5-b900-b447e141472f
HS Breast,170110,2216f3f4-1841-48e6-8af0-9b6d8bb70b3b
HS Wing,170111,456862e0-430b-4aa6-8cb0-10676cf009fb
HS Thigh,170112,2aa7038c-d11f-4105-8571-b3eb0e710d42
NO Leg,170113,32237c54-d578-4f2d-8f7f-fc665ff9a4f9
NO Wing,170114,f704bcd6-168c-42cc-8635-8fd69f7b6b47
NO Breast,170115,4d50a620-5f95-4843-8f9d-28ae39d2e0e3
NO Rib,170116,1415d6cd-93f1-4901-b9fd-e35eefbd7077
NO Thigh,170117,ef8f0a20-075c-4a85-a8dc-892430647a33
> HOT & SPICY <,170118,87b76dce-fa24-419c-ac78-db4a0491e43d
Original PC,170119,07a02fb3-4fd9-4030-91ec-14719722c248
HOT & SPICY PC,170120,b321ec29-3c7c-41fe-ae7a-6a4c674f25f8
OR Fillet PC,170501,1d6f5254-906e-4f91-a433-ab85abe31ff2
Zinger PC,170502,7a12610c-9c4e-467d-b511-4cdb7e258563
2xOC Fillets,170503,367ee8ad-15ad-49fb-9421-e24e404d67cb
2xZinger Pcs,170504,8846d0af-4be4-4f49-b394-4930c4c821db
Add OC Fillet,170505,d97a9b57-6b8a-4984-af9f-bcbfeb6479dd
Add Zinger PC,170506,79f76980-100b-4562-9971-486f20971737
Zinger PC,170508,1ea9023c-0482-49a4-95cb-207194fb56f3
OC Fillet,170511,ef0cc873-6bdb-4d58-be5d-30b1450f5e11
2xOC Fillets,170512,a948d4db-2acc-43a4-ab82-1a7ff5dc6067
Tender,170600,68e8dcab-85b7-4891-b997-12b0368bc744
Tender,170601,8236d59c-2f09-479b-b25e-b6b9839317b6
2xTenders,170603,54da9980-d8cb-4edc-89de-aa7bbd5875b0
3 Tenders,170605,d9f1643a-dcec-461a-943f-78fb3ac23cad
5 Tenders,170606,414771ae-3e3a-4091-a97e-ea9b73e22f65
6 Tenders,170607,70981ab7-bd8a-481c-a8b4-3003507392b1
2 Tenders,170608,7bba8b12-87ad-49a1-bf72-8cda9f9c2b62
1xTender,170609,6d6c15b3-9136-498c-a295-d0da98bb4c2f
8 Tenders,170612,2481a56d-ae87-4629-9319-f84c92ea50f5
Tender,170613,0c3994aa-4825-41a3-9607-dc0dba4442d6
8 Tenders,170615,f19e4d99-3a9d-4ff4-95f4-62deb700ced7
Wingette,170701,70c898a1-1bd7-4d12-a5ac-8410fa9f4313
Drumette,170702,84b0e24b-ce80-425c-a42a-9d74994968c5
3 Wicked Wings,170703,b0dacde0-135b-4dce-baed-55df674481e5
6 Nuggets,170704,d804a84a-108b-4cfa-9ebd-3775d301f805
8 Tenders,170705,42c39095-d415-4336-82fa-e6591763f8dd
14 Tenders,170706,b3e13ed8-0d14-4721-83fa-6e619cb47605
3 Nuggets,170707,b88e91c9-822c-415b-89af-82623136c9e8
10 Nuggets,170709,f41cc074-508d-462b-803f-af511d853cfa
2 Wicked Wings,170710,66010c98-974b-43c5-8c12-a116d9598a31
6 Nuggets,170713,00b264fc-baab-4df8-a7fa-91654befb280
_______________,180000,780a9c58-1117-49fd-be73-e43cf9c8b469
<Chicken>,180001,b2d53afc-be13-406a-b26b-63f0cc251ecb
5 PC,180030,39a40150-e658-4bf6-b0c0-52a7b2bfe096
11 PC,180031,4054cc95-5f13-4d78-85d0-8a16fb997d00
15 PC,180033,18ad006a-a107-4f66-91c0-e7d6c86dc709
15 PC,180034,0ba13dfc-4e71-4b79-9b61-fb4c994aa0f8
1 PC,180051,ffbeb00a-e635-427f-a7c7-32873609898e
2 PC,180052,63a82f55-f3d5-4823-95e1-c31fabf63f34
3 PC,180053,45f5c0eb-a4e7-4c9e-a18a-0430187a05b0
4 PC,180054,86be17be-2ffd-4684-be3a-ed8cdf072d15
5 PC,180055,60343acb-c5e9-4d64-a788-2f216564953e
6 PC,180056,bc27b540-4fcd-4a7c-9757-900c29fa6e89
1 PC,180057,2a31fb80-71e6-42f7-a9ee-6704639a454e
8 PC,180058,998419cc-90c4-4e0b-a808-10cdfe0d28f2
9 PC,180059,18f8b4ca-4f1d-4c46-a2f4-a72283b0669d
10 PC,180060,91ea0b5b-ca39-4cb5-8735-59344397a6b4
9 for $9.95,180061,7846b444-ea46-4955-8a1d-6e8520043ecf
6 PC,180062,37b47f1d-8947-4dcb-b795-3f72d46069db
1 PC,180064,b2dbcc78-942f-4b40-894a-d29bceca127a
21 PC,180066,1500361a-f78d-40dd-b007-b103775ea92f
30 PC,180067,df1c150c-919e-4f0c-b88d-bdadb110c8b2
50 PC,180068,74b8ac70-7007-4c3f-bc04-de80e626ae40
75 PC,180069,c260caa2-d998-451a-a62d-faaa57e1de9c
125 PC,180070,094bd23c-3be1-43cd-a314-4a57510aa891
PC OR,180071,aa6394fa-3778-464d-9a08-6168b1474051
PC HS,180072,bffdceb2-87c2-4f65-9384-8b91f3e292fb
Build ur Bucket,180073,e66699b9-fc22-4625-a6f2-421c3255c336
4 PC,180074,0bcac862-be02-43fc-988a-fc54f6e28aca
10 PC,180076,4456827a-983d-40d2-9fc3-5af763388639
21 PC,180077,ef5fb6b0-8280-4a3c-8f06-8277de09af9a
30 OR PC,180078,d4852afb-ed39-4369-aee5-70b462e520ad
50 OR PC,180079,a56c4d57-b3aa-4dc0-a6f7-5fac165d7fe9
75 OR PC,180080,3d81a22e-6008-4e75-abb9-321ca742996d
125 OR PC,180081,700b5c8d-be9f-4638-b4d9-d9b14ee6e93f
30 HS PC,180082,6e970b10-05ab-48ed-8c56-8742b45de1b2
50 HS PC,180083,823605df-0a2b-49ef-9353-bb3961c7cc11
75 HS PC,180084,10f02986-7dcc-4cbc-a110-6d2b4b0ceef2
125 HS PC,180085,bf16c55e-b97d-4385-bf7c-300fcfaf1489
100 OR PC,180088,829697dc-3e21-4f1f-9c93-142547fa9b67
100 HS PC,180089,3ad1cae8-87b3-465a-90ce-ddba18ff221c
50 HS PC,180091,f9b870cc-03fc-448a-8821-edcb6c4f4317
5 PC,180096,8a5a3be0-5622-4b2d-b80f-76297bc007a0
5 PC,180097,b0971249-c974-40cc-a5b3-6ba9d4c11840
6 PC,180101,cbdfe9c7-ec78-4f3e-8924-2de08bfb3b9f
Build ur Bucket,180105,fde21b0f-abd8-4b6e-a068-4f731c0bb208
3 PC,180108,a02f42d7-da4d-48e4-9c05-91ce76656f64
6 PC,180109,3b76b75f-4806-47ae-8987-4c0e8c71625b
6 PC,180113,b5435370-beea-4284-9aec-743f4530fdb8
Test Chicken 01,180114,55d1de50-a3a8-47d7-b63c-5cf91e08c812
_______________,180198,56565989-1101-4337-80cb-35fba5bffd9f
<Wicked Wings>,180199,f13cbd2d-7a78-4a86-997f-ef4ba49adb43
2 PC,180500,f489427b-45a2-443d-94d9-e25cfbaf33fd
1 PC,180501,88fde12c-b8a8-4815-aeb2-230ff57ca702
6 PC,180502,7d95fdbc-63d2-47fe-a1f6-bf16f92593fc
21 PC,180503,f3503384-6500-484c-9a0a-c43e4e46fa8c
3 PC,180504,c592edef-ea6f-47aa-b5e0-5d0d1a5749f4
4 PC,180505,95aa46ab-2450-4e14-90ae-50c7ccab60ac
10 PC,180506,4041782c-1ce7-4268-87ee-e51e9c0fee29
15 PC,180507,f7068102-234d-4fcc-bb07-8ba48bd55ab7
21 PC,180508,44249767-0c41-411d-86f7-30cc2b138de6
Build ur Bucket,180509,01b11def-3905-4736-85fe-13054e4a4825
3 Wicked Wings,181000,ed0d467d-d585-4a60-bcaa-2938de45d29d
6 Wicked Wings,181001,76305009-5ea6-411b-b264-3cd83302dcd4
10 Wicked Wings,181002,3b92e959-5a0c-450e-a7f5-4f1ecccd2aee
15 Wicked Wings,181003,0a88d0b9-436a-4ca1-85e8-d1c16602ecb4
Wicked Wing,181004,7a2efd31-655f-4c86-96b5-7a19f29e498f
20 Wicked Wings,181005,48096f3c-3c6a-4491-b4bd-2f1dec76af8c
30 Wicked Wings,181006,629572a9-90f1-4a99-9b3b-fd5ba7362c8e
50 Wicked Wings,181007,8098a756-8e7d-48e1-9d23-72baec1ad6d4
70 Wicked Wings,181008,597f3638-5e0a-432c-ac7d-0cebc7867cd7
Wicked Wings,181009,b308ad53-9268-43f9-bcc7-22d3de97c4c5
15 Wicked Wings,181010,006feafc-2126-42d2-9d62-585d91d90463
12 Wicked Wings,181011,a3bbe29d-4732-406c-b980-50fa61aa2590
2 Wicked Wings,181012,f28524a7-6ec0-4259-9492-74ad0bbe5b4c
4 Wicked Wings,181013,a0859b29-8f1b-4034-ae77-467031db666a
10 Wicked Wings,181014,35ec6ab7-142d-4c91-be68-2b67f7c79f87
14 Wicked Wings,181015,620e6d14-34e9-4ec7-8f19-a9690776d0e7
8 Wicked Wings,181016,dbca06e0-87c8-401b-8cc4-5145f5c685d5
8 Wicked Wings,181017,c984826f-cbed-446c-bb73-cb826d13b637
Wicked Wings,181018,20ebb4f4-199f-492d-b564-4e53b2040391
6 Wicked Wings,181019,03147ad8-d7ef-4510-b8ce-0ca4676727ae
3 Wicked Wings,181020,1029ede9-6b99-4220-8fb7-d5f341723730
15 Wicked Wings,181022,79baade8-5949-4a04-b83a-d405c9352be2
5 Wicked Wings,181023,5f886b88-10cf-46d5-8cfd-2a1b33081099
11 Wicked Wings,181024,e1714199-86d2-484c-b9d6-85b644040f3f
3 Wicked Wings,181026,afa8afed-e143-4c64-a3b1-1b43594191b0
3 Wicked Wings,181028,5cfe7753-ecaf-482e-86fa-1e8484d74f75
6 Wicked Wings,181029,8d134214-29b7-4cbe-ace8-3c49408ff1c8
3 Wicked Wings,181501,6be7dcc4-98a3-4163-8aaf-f4ae16cd0f0c
6 Wicked Wings,181502,32816813-4c58-4ace-a0a1-8090dda07e50
10 Wicked Wings,181503,1d028073-9c42-4d43-a7f8-13f421262138
_______________,181998,adf9c13a-f51f-45b5-ade7-ff3652252305
<Fillets>,181999,cf4ecc49-e09e-4e17-a2bd-9b845c602d6c
Fillet Pc,182000,40f69c16-d5fd-49c7-b6ab-43ac691287c7
4 Fillets,182001,96bd4c5f-05ab-4df7-ae77-bc09eb72286c
6 Fillets,182002,0a55a65b-a7a5-4719-bd31-b1b4738a88bf
2 OR Fillets,182003,1cd3c642-6f60-4b80-9ab7-0be104be2bea
10 Hot Crispy,182004,08cb3e87-4f34-4873-aa09-87194f0bba97
2 OC Fillets,182005,2855e725-3165-43ef-9650-ea72d7983fec
2 Hot Crispy,182006,286d6fc2-c451-423f-89a9-73bbbd13fcdf
2 BONELESS H&C,182007,b88e3772-45aa-4abe-bdde-d60a72e86602
2 Zing Fillets,182008,7cfa467d-c7ee-4c91-b10e-e5e9b5e05dd3
BONELESS H&C,182009,fdbad04a-d589-48a3-8644-b928b5efb04d
BONELESS H&C,182011,0cc70119-d363-41d1-b1e9-bc94b54350b9
Crispy Fillet,182012,8c3fe49e-ce8c-45cc-94d1-c1f678365184
3 Hot & Crispy,182013,67862627-9244-430d-ac6a-ccef4ccb4169
3 BONELESS H&C,182014,d5443514-d4bd-4ed3-9430-06c5b9b197f3
6 BONELESS H&C,182015,8b4a6c70-eae5-45ad-8aad-c29c10c821ec
10 Hot & Crispy,182016,a99541d6-3a86-4adc-9e45-0560e633d07f
10 Hot & Crispy,182017,91dc97d1-51c5-49cf-a122-fbe7b6f84f18
6 Hot Crispy,182018,50db5e2a-d18d-4d3a-a71b-5e6da8ffe3cc
6 Hot Crispy,182019,03c01b0c-fac1-48e2-9576-570292d057d2
6 Hot Crispy,182020,04a8db28-8c6b-433b-adff-ac8c146d1be2
3 PC Hab H&C,182021,fcbfe7ec-b8cb-4314-83df-515fbd654a9a
2 PC Hab H&C,182022,ad9d6ca2-e65d-4dd7-9533-3d178e0ef038
6 PC Hab H&C,182023,8fe53cb3-e865-4ae6-9c09-aca9b63d80f2
10 PC Hab H&C,182024,573bc64e-3842-4afb-ba14-6c17cf50ff05
Fillet Pc,182501,7792924b-c0f3-48ab-bd75-f70b0b2061fa
Crispy Fillet,182502,2390fc7d-ac7d-4010-9c53-61ace6502794
3 BONELESS H&C,182503,e689029a-ea55-4540-b320-29d53a5cd411
6 BONELESS H&C,182504,f17e5deb-f0e2-40bb-8b8a-07e96f7818e6
_______________,182998,2554c5ae-02b9-45db-9953-d91cb8072f09
<Tenders>,182999,5e4a912d-111c-4d89-a82c-9a46331d92b0
3 Tenders,183001,ffd860a3-9a29-443c-bf52-bdef2301d645
5 Tenders,183002,cf024be2-9190-4cbe-a598-6a188eecc184
6 Tenders,183003,5260cff3-df66-433e-b70e-d9d64c52c576
8 Tenders,183004,be1ca777-e920-4a26-a22c-6e0d8bd9bd0d
1 Tender,183005,17d452cc-38eb-4fa3-a5fe-97875ebf6b8e
10 Tenders,183006,e0297f8f-3c4a-4314-8474-ecfbd76ecafd
Tenders,183007,e791206e-86ff-4d24-b5a8-343fd50716fe
4 Tenders,183008,a4d898f0-cbb7-4c80-bdbd-bc1a2162cc01
20 Tenders,183009,0584f452-e276-44ad-bba6-28f826f337b5
30 Tenders,183010,8a679209-1026-48b8-9e77-7c0260970370
50 Tenders,183011,70235e0d-9be8-487c-bd9b-9ffc36497a98
70 Tenders,183012,80d6db65-71b0-4d05-9f00-e553e593f788
6 Tenders,183015,e3549ffb-df33-43f3-ad60-4a80309a5df8
12 Tenders,183016,c6376805-26c1-4039-987e-627b5451cbf2
5 Tenders,183017,c61ea581-b594-485c-a8f0-6aab6ad8274b
6 Tenders,183020,fdeabd61-df8b-447a-91a2-f2d59e97210e
12 Tenders,183021,1c7e6189-ba5c-41a9-a8de-393e315571aa
2 Tenders,183022,a8490bba-e381-4fa0-8233-1f4249264eb1
20 Tenders,183024,1651189f-b7dd-449f-961b-5e889a5fdf4a
30 Tenders,183026,91cf8b1a-6dfa-45db-92f9-ebbfd728ded7
50 Tenders,183028,a962e0a8-f3d9-4302-ae81-d161c44adcab
70 Tenders,183030,5a00a601-bcab-4424-82cb-275bd3cfe228
100 Tenders,183032,49bce1ee-f75b-4cd4-add9-7d9c0efa8056
2 Tenders,183037,82e9204c-f1d4-4eb1-9e2c-ea38a2ad0ea5
2 Tenders,183038,4609b3fc-bf29-4d76-bd0b-f0d2c664df8d
10 Tenders,183039,17a7c1c5-3299-4a51-ae6b-6543b6402c4d
12 Tenders,183045,efc3cb99-1625-48f8-9c20-8cbb9e936b9c
6 Tenders,183048,69e7eb47-4c78-4729-b745-064383336748
4 Tenders,183049,5e53d5bd-9e53-42e6-820e-ab04f74fb003
6 Tenders,183053,6cad4399-c394-4551-aeae-4bc74394ae5a
3 Tenders,183501,cd767564-a217-4968-a601-0b469cf589df
5 Tenders,183502,c7f89938-6969-41e2-a7c8-c2ed8600ccfb
_______________,183998,1c0785bf-7850-4f14-a4e2-2552474d31f5
<Nuggets>,183999,675a58c5-a255-46ed-8c51-61375a78729e
6 Nuggets,184000,2df870db-7618-442e-bb62-c3b138e753d0
10 Nuggets,184001,3f62e84a-7480-4b15-b7ee-f3044124917b
12 Nuggets,184002,02bb1362-bb4b-4c53-9448-f445b97921b1
24 Nuggets,184004,ff4e2c18-1b01-435a-b542-2ff23d8483a3
18 Nuggets,184005,0be931e5-c67c-438f-bd24-1e6dc5aa584f
4 Nuggets,184006,2fe451f0-00ac-4f9a-a2b2-e72ebb4b8205
30 Nuggets,184007,b75e8b79-c40a-49db-b1c3-db65bf6c2e3c
40 Nuggets,184008,9842c8f4-ae1c-4b95-8608-aa068a0af372
80 Nuggets,184009,eca52102-2902-4003-9d9f-50180f4907de
Nuggets,184010,50c24060-a222-4f37-828c-997c9403c588
5 Nuggets,184011,3db0ede3-b9e9-4787-9a3a-f0b90aaf3d13
24 Nuggets,184012,05164d68-9038-4f79-80df-e53779772256
20 Nuggets,184017,948762eb-9d1c-4ca9-872a-fe7561986790
12 Nuggets,184019,92a951db-2472-467e-a479-1f38dbc96435
18 Nuggets,184021,0fcdfae1-4848-4c92-ac60-c4ba4918ecbe
18 Nuggets,184022,37de4b8b-c7f4-44ee-8886-a07e081c8d67
30 Nuggets,184024,a336c760-a317-42e8-a4e4-c2e544b97a8e
6 Nuggets,184025,db683cdc-1a7b-47d1-895b-3fe1a8ae7e0f
10 Nuggets,184026,3b69ca8d-9177-4b8a-b5b0-6b63826b8d30
12 Nuggets,184027,f8dce659-31af-4981-98cb-2fded034ff68
6 Nuggets,184501,81d1ecba-be31-4300-ba96-cf86ee1bcd8c
10 Nuggets,184502,a103178c-d073-47a8-a46e-68543fa20778
4 Nuggets,184503,d432bfa4-2ceb-4859-aeee-799fe4c83f59
RPA 6 Nuggets,184504,ca2fa69c-34b8-4c59-a84f-07238bcb4ec5
_______________,184998,1087133f-3847-485c-8409-e8bad5c37675
<Popcorn>,184999,b52d82c4-947a-4504-9306-7cf35dc8ef37
Reg Popcorn,185000,bea5c807-019d-4971-87b7-a13fd6330afc
Maxi Popcorn,185001,eaf66b31-5526-4ecb-bde8-1bd01c85af7e
Snack Popcorn,185002,97f15f1e-22ac-42d0-8f40-34fcf96a4c96
Popcorn Bucket,185003,79130a4d-c4cf-47b7-a0a3-4cc302ceb050
3 Maxi Popcorn,185004,eb1fae77-b9c0-47b1-ae13-1653a8b74a60
7 Maxi Popcorn,185005,46b27eb6-5bfa-4f6d-888c-c555f85e41b4
Maxi Popcorn,185006,3c078ebd-49f9-4716-8ef6-f782a12adc8a
Snack Popcorn,185007,eac2acd4-9d00-44e1-b195-1031b74868c5
Snack Popcorn,185008,bd14e029-9435-45cb-b46a-41089a01ac4e
Loaded Nac Chip,185009,2470bb6e-94cd-43e7-a867-597232c8d408
Maxi Popcorn,185010,48e02b2e-9926-46bb-b6ae-cac4b890d3ad
2 Purpl Cup Pop,185014,be1ad563-125c-4e63-8663-98e78c34222e
Reg Popcorn,185022,bd001196-5b73-4249-993a-ec0efb9cf4c2
Snack Popcorn,185023,f7cbbb7f-e4a2-425d-a057-e67484d77e6e
Reg Popcorn,185024,bf6b3942-1831-42b4-9b87-14629cc60710
Maxi Popcorn,185025,1d327cb5-fb56-4691-9b46-0d791d7e52ab
Maxi Popcorn,185026,81a982e2-bd01-49d2-9fa4-83b4bed33163
Reg Popcorn,185027,92abc496-d302-4990-8ac7-9837800901be
Maxi Popcorn,185028,b162fceb-1bdb-4e9a-a036-7f80fcd9cb38
Reg Popcorn,185029,aa13c548-2d9c-4f05-9c4e-a9b02ede42b8
Red Cup Popcorn,185030,08af9f2b-9be7-458e-9fe1-196e1dba5f62
Prpl Cup Popcrn,185031,d6709b1d-deec-4f4a-b4ef-df4ff77f57a5
6 PC Cookie,185032,9a197ac0-1b21-4840-9dba-08fcb5660be2
3 PC Cookie,185033,0c14a569-ee4b-496e-be72-c44ab2cf4011
3 PC Cookie,185034,e9881ffb-1fdf-4988-ab04-254e6817d26d
Reg Popcorn,185501,60db2ea8-3fa2-40b5-aa4b-0010116cf017
Maxi Popcorn,185502,01840900-0154-47f4-ab38-4ecd0afb06b4
Snack Popcorn,185503,1b697813-f29f-4d70-bbc2-80327320c4f9
_______________,190998,6fc6bccc-7390-4552-a9d2-8cb67a031a64
<Sauce Go Bk>,190999,bcf62f7f-2469-4117-8a99-9d20129ab357
Go 2 WickedWing,191000,da0fd922-4b55-4c43-9b98-e8905ec4ec62
Go 1 Tender,191001,bde4247f-db8f-401d-93de-c2399fd1dda8
Go Popcorn,191002,919a0cf5-2153-4214-a469-f0b9c64b0259
Go Popcorn,191003,46983034-4c69-4266-b1ea-5da414bdf907
Go 3 Nuggets,191004,26410627-bdff-424b-a691-f098991d2da7
Dip Tomato,191005,217aea6b-6872-41fa-a2f5-585e67ebacec
Dip BBQ,191006,366248a8-15b4-4eb6-af42-db56fb709bb9
Dip Supercharge,191007,cc169d21-6f3e-4725-91a8-2d5d75980eee
Dip Sweet Chili,191008,fc1ee2da-2dd5-492f-a1e2-846c10e74e9f
Dip Sweet Sour,191009,7ddcb351-cf34-47f8-81fb-7165bc44a957
Dip Aioli,191010,87a0aab5-6286-4ed6-9f38-145d35fa249e
No Sauce,191011,28996b1e-f9fd-4dc6-bcd3-37b9129452e2
Dip Inferno,191012,0fd5db34-1f41-4910-9b9c-b782b431e0d6
Go 1 Hot&Crispy,191013,b071bf7b-5e57-421c-8b64-e19f7d5b0c8e
Dip Fiery,191014,60165828-abe8-47fe-9e5f-d2e247a54919
Dip Jalapeno,191015,dedc5b22-87d7-4132-af91-8ed654df8633
4 Dipping Sauce,191016,1639b3e1-5247-470d-9de2-899d59554efb
No Veg Mix,191017,a58fed56-3970-49ac-8c57-9da5bbfea37f
Go Popcorn,191025,bd9b379e-ac62-4311-83f0-37693efb4812
Go 2 WickedWing,191100,769a1479-9cce-46da-8573-f5b3b9ca2940
Go 1 Tender,191101,85a92fef-f0d8-408a-a254-07e110a80653
Go Popcorn,191102,e0d70e7c-fdc8-42da-a4e7-836c515355f6
Go 3 Nuggets,191103,ad022ae3-eb5a-4192-89fd-6eab36dac858
Dip Tomato,191104,7bbe5125-54d5-4b62-9da4-99c2d4ca1e7e
Dip BBQ,191105,955b5794-a217-4b14-92ec-2c921ba94942
Dip Supercharge,191106,281787c0-b588-4a9f-88dc-61c64b5dfc73
Dip Sweet Chili,191107,e2e2aa3d-ee71-468f-845f-8ea029665ece
Dip Sweet Sour,191108,1f5ac1ba-c76d-4197-9039-0cfe9a1e8f5c
Dip Aioli,191109,f9e7f3b8-b039-4af6-ad97-071f3763288f
Dip Jalapeno,191110,be73c58b-6813-43fa-9d76-93da5c2a364f
Go 1 Hot&Crispy,191111,bfb37489-728a-47a3-a5c5-12dc9d8df46b
4 Dipping Sauce,191112,34052cdb-6b2c-4316-8857-75a398d6f30f
_______________,191500,26e4aafc-00c6-44c8-8c17-eca486f41782
<Other>,191501,e657e483-a799-43a7-93ca-618d83e7d1b6
Paper Cups,191502,297a43fb-bc6e-4bd8-9e69-cbf8f3aa5f04
Paper Boats,191503,7108c806-f438-4029-95e5-536439f39e91
*DELIVERY BAG*,191504,fad8812a-3d7d-4a8f-8285-816b9b0ca7d7
!Delivery,191506,a52ddceb-3738-4115-9f7b-52f3041e10fc
!Delivery,191507,02ebc70b-4dce-4ac8-955f-cf6777662779
Delivery,191508,d9261c1b-be2e-435f-8252-d059cae1042f
Delivery,191509,9b7c815d-66d0-429d-80a1-68bf21325144
Uber Eats,191510,ca3012d2-6afc-43e2-919c-adf79902eb22
Service Fee,191511,e132882d-3b72-4f54-8e29-b9e49d5d423e
Delivery Fee,191512,e13ff545-f966-44dc-9789-d4eae616654a
Mystery Box,191513,72fd6274-bbe0-4d4e-b263-6fa3f225a17c
GC Activate,191750,1c42cb7a-42c9-4959-8252-7f8f349e8c16
GC Add Value,191755,111b2dd6-4c32-4a6c-a248-e182a5fb7595
_______________,199999,25f92eed-4efb-4212-b4e5-6642e9bf5344
<Mod-Condiment>,200000,65a8949f-92f1-44f9-9947-8fe253d53191
Mayo,200001,0d7a45b5-8a81-4744-8064-2ffe2bbe22d5
11 Chillies Sce,200002,45c0f8ae-7407-4ece-aa7e-0f3adbf83876
Pepper Mayo,200003,c078fa53-be75-42cf-9c5a-e15b17fe7323
Supercharge,200004,4b5f2def-61e2-431f-b16b-43b458f5e046
BBQ Sauce,200005,7c6e8200-86ac-4e10-a578-243bcb73c3f7
Corn Chips,200006,860af4f4-2085-4239-8459-a5bc8ca26e0e
Loaded Sauces,200007,c9ca5285-4902-4bb4-8327-d586fb94f8df
Lettuce,200008,a8025ec5-ecea-41c8-8c95-668b296b6df5
Cheese,200009,197020e7-9d42-4f25-9422-f6d60f15a05c
Crunchy Slaw,200010,1f332ac4-43e4-402e-9009-a9de27f3c686
Chilli Relish,200011,4b6ac8e4-a946-4d75-a3f4-34f8b9557edd
Garlic Mayo,200012,dfabbdec-aee2-48b2-b4d4-b8341fa9c302
Bacon,200013,0ecd9b60-03ac-43c7-9d8e-3731c141561c
Nacho Cheese,200014,d7d864c6-899a-42de-a685-2957ca3ebaaa
Salsa,200015,e540cc78-193d-4ec8-8fdd-28f7a32c7a25
Guacamole,200016,51b6db66-1e7a-40d4-a1b0-8448976c7111
Cheese Sauce,200017,c83b3e28-2c79-4ad1-87bb-93d5a0eddb72
Bahn Mi Mayo,200018,ef46d9dc-bad2-4285-b547-5001723a4218
Bahn Mi Slaw,200019,ea0eab2d-848c-454f-a704-2c9df6a9e54b
Tomato Slices,200021,401c8de1-5614-476b-bae8-53d96bfd9724
Pineapple Fritt,200023,1ad79c86-9552-44ca-b83e-b2adfa6cd47e
Ch Pine Relish,200024,f042dd8e-5233-4d07-b614-973cd5da3db1
Philly Chez Sce,200025,18c91d9f-769e-47ee-ac5e-e81201218e00
Vege Mix,200026,f7cfe357-79f3-4b33-8d8c-67cbbe21cbf9
Tabbouli,200027,c1ea7885-8826-422e-a7ba-4b6d443dcf81
2 x Supercharge,200028,6b702efa-6966-44b3-a9d3-1143530a41e8
No Salt,200030,fb999da7-f133-48ac-896b-2bb6a43308d5
Extra Salt,200031,12a66000-1c98-43ca-bc0c-5577ba6bdfad
3 Dipping Sauce,200036,d74a3994-c09d-47f9-bf68-a2b74a3a3dea
2 Dipping Sauce,200038,83feb63f-4397-4c76-8747-e289e16b405c
3 Dipping Sauce,200039,0d4222a9-d3d5-4c9a-8021-13300f04ee9b
2 Dipping Sauce,200040,d0e720a3-cd3b-4314-b370-37da2a157172
4 Dipping Sauce,200041,b493ab1c-16c2-405a-9dac-4c96211c81a4
Jalapeno Mayo,200042,460c0a70-3c8d-4f48-bcaf-bf0dd14dc9d4
5 Dipping Sauce,200044,92945186-e232-4b5d-a215-177090e13cd3
6 Dipping Sauce,200046,b67b4308-9de9-4e4b-b69b-5140c8fd285e
Spicy Tangy Sce,200054,94380cde-9a1d-4968-8aa1-081525bb3eca
3 Dipping Sauce,200056,868e8311-d633-46ce-802d-7c83a22da0b0
2 Dipping Sauce,200057,b1083dab-b1e1-40f4-8e40-4b26febafd67
_______________,204998,2e81d5a6-4a20-4562-8179-8e1f30ec7a1f
<Misc>,204999,a848e3d1-0c8f-4ba8-a86c-6bb1e845090a
LE Promo,205000,c95df241-4f9b-4d5c-a759-875b58f0d897
HE Promo,205001,f4c0c757-0b05-4221-b181-eb7b49c51b58
PRICE TIER =,205002,39ba2a27-4384-4b4d-8b5a-3404d42fc2d1
BOGO,205003,c025a0b5-6d75-4cfa-a861-18cd35a814ae
BOGO,205004,1cb407bf-1681-40e1-a8c2-687bfa3dc1b3
Fr 600ml Drink,205005,f672ba83-76b9-4367-9b2d-b809d1c687cd
BOGO,205006,1618d06d-a834-4b89-9998-257634a6fbff
Donation,205100,50cefaa9-9c25-44e8-a6ed-76d0c88b1e9a
**MULTI ORDER**,205101,9cc96ac3-28bd-4a61-b275-00c4faccb27d
**START ORDER**,205102,fffaa936-6abb-4dc3-a912-2287aa5d81f2
**CAR DETAILS**,205103,7f96f72e-607d-474b-a1dd-6ea3a5af70be
** CAR **,205104,9a657484-1a0a-4dc8-99c6-ba48a9f6bbd2
$1 Donation,205105,dbc5fb99-2013-41ea-be0e-f34d7ddbd40e
**KITCHEN**,205106,ece4b6d0-6d26-4551-82d0-9e91be694a61
***LANE 1***,205107,c32d0097-c487-46ad-bb53-f534d37e553f
***LANE 2***,205108,2322e868-4a96-427b-a86b-fc6936d5c2f8
$1 Donation,205111,12985bb0-dcf8-4e35-8561-a7a481f190c5
$2 Donation,205112,2e839bbf-5959-4c03-8c22-0d3e1745edb0
$5 Donation,205113,04572a75-9a46-4925-a76e-6db0dfbb1695
0.50c Donation,205114,ea2d3e76-485d-4239-ae71-1893e233651d
0.20c Donation,205115,c30dff10-4685-4565-a7dd-8f6e1860d5cb
0.10c Donation,205116,40c3f4f2-99de-49b0-b682-493ba2d45f26
0.05c Donation,205117,2a28274c-94cf-48ba-a591-ce6a433b47a0
0.15c Donation,205118,0942188a-77c9-475f-8739-1c1848ef43f6
0.25c Donation,205119,b96fb63c-6460-4a8f-85db-f4cf912eba3b
0.30c Donation,205120,a1e5b771-1d36-4be1-a074-9ff6a51cf0cc
0.35c Donation,205121,6439dc76-5e1d-450f-92d7-6537a800eda4
0.40c Donation,205122,3eb01a62-a5fb-4381-8b42-2c87aa0ef18e
0.45c Donation,205123,b9ee28cd-08c7-4ec2-9509-1568330f5bdf
0.55c Donation,205124,8b8e54d6-8847-490d-a046-a1b90567026e
0.60c Donation,205125,0989be82-3f06-4020-9db4-e05d4f7b1e81
0.65c Donation,205126,af0cb58d-3797-445e-a327-eb21c5a00fe2
0.70c Donation,205127,69145388-806b-4f3b-b9cd-bde6c911cb0e
0.75c Donation,205128,80d731e7-91a7-4906-99da-6f9218adfe80
0.80c Donation,205129,d4eed54a-f697-481b-8627-62a3e5ce5e82
0.85c Donation,205130,28cdf990-cb87-43b4-8717-f37983a16e97
0.90c Donation,205131,5ca4f461-12e8-4cfb-9ead-1550d646021f
0.95c Donation,205132,a3141b48-1795-4f38-95e8-44c2d12d330c
Open Amt Donat,205133,eeae1884-5bbd-4c0e-8f48-d01c296dc6ac
Lg Potato & Gra,234234,341b9fed-dc30-46f5-8ab4-d46bd2c70ae1
PCEFTPOS ITEMS,300000,56bee861-6f37-4873-991c-631d6b72925f
Processing,300001,8fdcde85-c184-4d72-ac28-05573b8a816d
Failure,300002,54293d8a-d791-49ed-9ae1-b8cb6a66ddf4
"Zinger® Crunch ",345244,5e7fd231-3027-4a7f-a612-c4bcb1f092a0
Performance Tes,700500,02fe11b3-264e-40d4-ab51-601b748463df
Performance Tes,700501,3d972492-a70b-40e4-a037-23eb46a1367b
Performance Tes,700502,84127100-5290-4d19-aded-5144a552438a
Performance Tes,700503,b7f7ce0e-0d70-40cb-b747-813c13ad0942
Performance Tes,700504,3ea36de9-b5bf-41fc-a23e-c43eea9a05bc
Performance Tes,700505,a7697acc-cdec-4240-85cf-277af29255e1
Performance Tes,700506,12017b91-959c-4120-a174-1d43ed413cf4
Performance Tes,700507,89c0e080-29aa-47f5-a2ea-1b18be46f7ac
Performance Tes,700516,e7f42216-6adb-4381-938b-26c6320474bc
Performance Tes,700517,ac586ccb-59a5-45e2-93f9-2d6d7b4f5d4b
Performance Tes,700518,01c001b9-140c-47a9-923e-ed20163c7382
Performance Tes,700519,c855131c-6147-4a04-94b1-a2cdf7e290d6
